DATE,AWND,PRCP,SNOW,SNWD,TAVG,TMAX,TMIN,WDF2,WDF5,WSF2,WSF5,WT01,WT02,WT03,WT04,WT05,WT06,WT08,WT09
2017-03-01,12.3,0.16,0.0,0.0,58.0,73,52,240,230,29.1,38.0,1.0,0.0,1.0,0.0,0.0,0.0,0.0,0.0
2017-03-02,23.49,0.0,0.0,0.0,54.0,65,36,260,270,42.9,57.0,0.0,0.0,0.0,0.0,0.0,0.0,0.0,0.0
2017-03-03,15.88,0.0,0.0,0.0,36.0,42,25,260,300,29.1,34.0,0.0,0.0,0.0,0.0,0.0,0.0,0.0,0.0
2017-03-04,18.34,0.0,0.0,0.0,27.0,32,17,310,300,32.0,40.9,0.0,0.0,0.0,0.0,0.0,0.0,0.0,0.0
2017-03-05,10.74,0.0,0.0,0.0,24.0,38,14,310,310,21.9,28.0,0.0,0.0,0.0,0.0,0.0,0.0,0.0,0.0
2017-03-06,6.26,0.0,0.0,0.0,32.0,44,22,140,140,14.1,17.0,0.0,0.0,0.0,0.0,0.0,0.0,0.0,0.0
2017-03-07,3.36,0.09,0.0,0.0,45.0,57,42,200,210,12.1,15.0,1.0,0.0,0.0,0.0,0.0,0.0,0.0,0.0
2017-03-08,13.65,0.0,0.0,0.0,55.0,62,49,300,300,36.9,47.0,0.0,0.0,0.0,0.0,0.0,0.0,0.0,0.0
2017-03-09,15.88,0.0,0.0,0.0,57.0,65,49,270,270,33.1,40.9,0.0,0.0,0.0,0.0,0.0,0.0,0.0,0.0
2017-03-10,16.33,0.26,2.4,0.0,41.0,49,24,290,310,29.1,36.9,1.0,0.0,0.0,0.0,0.0,0.0,0.0,0.0
2017-03-11,17.45,0.0,0.0,1.2,25.0,31,18,320,330,31.1,40.0,0.0,0.0,0.0,0.0,0.0,0.0,0.0,0.0
2017-03-12,15.66,0.0,0.0,0.0,26.0,32,20,280,280,25.9,34.0,0.0,0.0,0.0,0.0,0.0,0.0,0.0,0.0
2017-03-13,7.38,0.0,0.1,0.0,27.0,37,20,300,80,15.0,19.9,0.0,0.0,0.0,0.0,0.0,0.0,0.0,0.0
2017-03-14,22.59,1.15,6.9,3.9,30.0,32,22,10,270,38.0,47.0,0.0,0.0,1.0,1.0,0.0,0.0,0.0,1.0
2017-03-15,19.24,0.0,0.0,5.1,24.0,27,20,270,270,31.1,40.9,0.0,0.0,0.0,0.0,0.0,0.0,0.0,0.0
2017-03-16,15.21,0.0,0.0,5.1,30.0,41,23,290,280,25.9,33.1,0.0,0.0,0.0,0.0,0.0,0.0,0.0,0.0
2017-03-17,10.74,0.0,0.0,3.9,36.0,47,26,260,260,19.9,25.9,0.0,0.0,0.0,0.0,0.0,0.0,0.0,0.0
2017-03-18,9.17,0.05,0.0,3.1,36.0,39,28,40,30,19.9,25.1,1.0,0.0,0.0,0.0,0.0,0.0,0.0,0.0
2017-03-19,13.42,0.0,0.0,3.1,39.0,48,33,10,360,23.9,28.0,0.0,0.0,0.0,0.0,0.0,0.0,0.0,0.0
2017-03-20,10.51,0.0,0.0,1.2,43.0,55,34,360,320,17.0,23.9,0.0,0.0,0.0,0.0,0.0,0.0,0.0,0.0
2017-03-21,6.93,0.0,0.0,0.0,50.0,62,42,270,260,17.0,21.0,0.0,0.0,0.0,0.0,0.0,0.0,0.0,0.0
2017-03-22,19.46,0.0,0.0,0.0,42.0,49,24,340,330,36.0,48.1,0.0,0.0,0.0,0.0,0.0,0.0,0.0,0.0
2017-03-23,8.5,0.0,0.0,0.0,31.0,45,23,290,280,18.1,25.9,0.0,0.0,0.0,0.0,0.0,0.0,0.0,0.0
2017-03-24,11.63,0.0,0.0,0.0,42.0,58,31,230,200,23.9,33.1,0.0,0.0,0.0,0.0,0.0,0.0,0.0,0.0
2017-03-25,8.5,0.01,0.0,0.0,53.0,62,44,30,30,21.9,27.1,0.0,0.0,0.0,0.0,0.0,0.0,0.0,0.0
2017-03-26,9.4,0.05,0.0,0.0,42.0,44,39,70,70,18.1,21.9,1.0,0.0,0.0,0.0,0.0,0.0,0.0,0.0
2017-03-27,4.92,0.23,0.0,0.0,44.0,56,39,240,270,10.1,16.1,1.0,1.0,0.0,0.0,0.0,0.0,1.0,0.0
2017-03-28,7.83,0.99,0.0,0.0,47.0,49,41,30,30,17.0,19.9,1.0,0.0,0.0,0.0,0.0,0.0,0.0,0.0
2017-03-29,15.21,0.0,0.0,0.0,49.0,61,41,340,300,23.9,34.0,0.0,0.0,0.0,0.0,0.0,0.0,0.0,0.0
2017-03-30,7.61,0.02,0.0,0.0,44.0,52,35,20,30,16.1,19.9,0.0,0.0,0.0,0.0,0.0,0.0,0.0,0.0
2017-03-31,12.08,2.06,0.0,0.0,41.0,42,38,40,50,25.1,35.1,1.0,0.0,0.0,0.0,0.0,0.0,0.0,0.0
2017-04-01,15.66,0.02,0.0,0.0,41.0,50,36,360,30,25.9,36.0,1.0,0.0,0.0,0.0,0.0,0.0,0.0,0.0
2017-04-02,11.18,0.0,0.0,0.0,51.0,65,41,320,300,23.9,30.0,0.0,0.0,0.0,0.0,0.0,0.0,0.0,0.0
2017-04-03,5.37,0.04,0.0,0.0,54.0,62,44,90,90,15.0,19.0,0.0,0.0,0.0,0.0,0.0,0.0,0.0,0.0
2017-04-04,8.05,1.22,0.0,0.0,51.0,53,47,130,110,18.1,25.1,1.0,0.0,0.0,0.0,0.0,0.0,0.0,0.0
2017-04-05,5.59,0.0,0.0,0.0,51.0,63,45,120,120,15.0,21.0,1.0,0.0,0.0,0.0,0.0,0.0,1.0,0.0
2017-04-06,12.53,0.76,0.0,0.0,45.0,50,42,30,30,23.0,27.1,1.0,0.0,1.0,0.0,0.0,0.0,0.0,0.0
2017-04-07,18.12,0.0,0.0,0.0,47.0,50,40,290,290,32.0,38.9,0.0,0.0,0.0,0.0,0.0,0.0,0.0,0.0
2017-04-08,15.43,0.0,0.0,0.0,47.0,60,40,290,280,29.1,42.1,0.0,0.0,0.0,0.0,0.0,0.0,0.0,0.0
2017-04-09,7.83,0.0,0.0,0.0,54.0,70,40,230,250,18.1,21.9,0.0,0.0,0.0,0.0,0.0,0.0,0.0,0.0
2017-04-10,9.4,0.0,0.0,0.0,62.0,82,48,230,230,23.0,29.1,0.0,0.0,0.0,0.0,0.0,0.0,0.0,0.0
2017-04-11,8.28,0.0,0.0,0.0,70.0,84,56,240,260,16.1,25.1,0.0,0.0,0.0,0.0,0.0,0.0,0.0,0.0
2017-04-12,7.83,0.03,0.0,0.0,69.0,78,59,350,340,21.9,28.0,0.0,0.0,1.0,0.0,0.0,0.0,0.0,0.0
2017-04-13,13.2,0.0,0.0,0.0,59.0,66,48,320,320,23.0,31.1,0.0,0.0,0.0,0.0,0.0,0.0,0.0,0.0
2017-04-14,6.93,0.0,0.0,0.0,55.0,64,44,30,150,13.0,16.1,0.0,0.0,0.0,0.0,0.0,0.0,0.0,0.0
2017-04-15,7.83,0.0,0.0,0.0,56.0,67,47,190,180,17.0,23.0,0.0,0.0,0.0,0.0,0.0,0.0,0.0,0.0
2017-04-16,14.99,0.05,0.0,0.0,70.0,87,58,270,260,40.0,51.0,0.0,0.0,0.0,0.0,0.0,0.0,0.0,0.0
2017-04-17,14.99,0.0,0.0,0.0,71.0,75,58,360,350,25.9,33.1,0.0,0.0,0.0,0.0,0.0,0.0,0.0,0.0
2017-04-18,10.96,0.0,0.0,0.0,58.0,64,48,340,330,21.9,30.0,0.0,0.0,0.0,0.0,0.0,0.0,0.0,0.0
2017-04-19,10.29,0.0,0.0,0.0,49.0,52,46,130,140,19.9,28.0,0.0,0.0,0.0,0.0,0.0,0.0,0.0,0.0
2017-04-20,4.7,0.05,0.0,0.0,55.0,67,51,100,150,14.1,17.0,1.0,0.0,0.0,0.0,0.0,0.0,1.0,0.0
2017-04-21,8.5,0.14,0.0,0.0,53.0,57,49,100,110,14.1,21.0,1.0,0.0,0.0,0.0,0.0,0.0,0.0,0.0
2017-04-22,9.17,0.04,0.0,0.0,53.0,57,50,340,340,21.0,28.0,1.0,0.0,0.0,0.0,0.0,0.0,0.0,0.0
2017-04-23,7.16,0.0,0.0,0.0,54.0,65,44,10,20,15.0,17.0,0.0,0.0,0.0,0.0,0.0,0.0,0.0,0.0
2017-04-24,4.47,0.0,0.0,0.0,53.0,59,47,70,80,12.1,15.0,0.0,0.0,0.0,0.0,0.0,0.0,0.0,0.0
2017-04-25,15.21,0.88,0.0,0.0,54.0,56,51,40,50,29.1,34.0,1.0,0.0,0.0,0.0,0.0,0.0,0.0,0.0
2017-04-26,8.72,0.1,0.0,0.0,56.0,62,53,20,30,19.9,23.9,1.0,0.0,0.0,0.0,0.0,0.0,0.0,0.0
2017-04-27,5.82,0.0,0.0,0.0,62.0,69,55,110,110,17.0,23.0,1.0,0.0,0.0,0.0,0.0,0.0,0.0,0.0
2017-04-28,8.5,0.0,0.0,0.0,67.0,86,55,250,240,21.9,27.1,1.0,0.0,0.0,0.0,0.0,0.0,1.0,0.0
2017-04-29,13.65,0.16,0.0,0.0,76.0,86,65,280,280,33.1,45.0,1.0,0.0,1.0,0.0,0.0,0.0,0.0,0.0
2017-04-30,10.29,0.0,0.0,0.0,64.0,69,51,140,120,18.1,25.1,0.0,0.0,0.0,0.0,0.0,0.0,0.0,0.0
2017-05-01,7.16,0.0,0.0,0.0,57.0,75,50,180,180,16.1,21.9,1.0,0.0,0.0,0.0,0.0,0.0,1.0,0.0
2017-05-02,17.22,0.0,0.0,0.0,72.0,76,63,260,250,42.9,53.9,0.0,0.0,0.0,0.0,0.0,0.0,0.0,0.0
2017-05-03,16.11,0.0,0.0,0.0,63.0,67,49,330,310,25.1,36.0,0.0,0.0,0.0,0.0,0.0,0.0,0.0,0.0
2017-05-04,9.84,0.0,0.0,0.0,54.0,61,44,150,140,18.1,23.9,0.0,0.0,0.0,0.0,0.0,0.0,0.0,0.0
2017-05-05,10.51,3.05,0.0,0.0,55.0,60,53,90,90,19.9,28.0,1.0,0.0,1.0,0.0,0.0,0.0,0.0,0.0
2017-05-06,11.86,0.1,0.0,0.0,60.0,66,53,240,240,25.1,30.0,1.0,0.0,0.0,0.0,0.0,0.0,0.0,0.0
2017-05-07,13.42,0.0,0.0,0.0,54.0,58,47,290,290,25.1,30.0,0.0,0.0,0.0,0.0,0.0,0.0,0.0,0.0
2017-05-08,10.29,0.0,0.0,0.0,51.0,60,43,320,280,23.9,35.1,0.0,0.0,0.0,0.0,0.0,0.0,0.0,0.0
2017-05-09,8.28,0.0,0.0,0.0,54.0,64,45,300,300,17.0,23.0,0.0,0.0,0.0,0.0,0.0,0.0,0.0,0.0
2017-05-10,4.92,0.0,0.0,0.0,55.0,64,49,250,240,14.1,17.0,0.0,0.0,0.0,0.0,0.0,0.0,0.0,0.0
2017-05-11,6.93,0.0,0.0,0.0,54.0,62,46,20,120,14.1,16.1,0.0,0.0,0.0,0.0,0.0,0.0,0.0,0.0
2017-05-12,6.71,0.0,0.0,0.0,54.0,62,45,150,150,15.0,21.0,0.0,0.0,0.0,0.0,0.0,0.0,0.0,0.0
2017-05-13,12.3,1.79,0.0,0.0,51.0,53,43,20,30,23.9,32.0,1.0,0.0,0.0,0.0,0.0,0.0,0.0,0.0
2017-05-14,13.65,0.09,0.0,0.0,53.0,70,44,310,310,28.0,36.0,0.0,0.0,0.0,0.0,0.0,0.0,0.0,0.0
2017-05-15,18.12,0.0,0.0,0.0,61.0,71,53,290,320,31.1,40.0,0.0,0.0,0.0,0.0,0.0,0.0,0.0,0.0
2017-05-16,8.28,0.0,0.0,0.0,67.0,81,55,240,270,19.9,25.1,0.0,0.0,0.0,0.0,0.0,0.0,0.0,0.0
2017-05-17,10.74,0.0,0.0,0.0,76.0,92,59,240,190,23.9,30.0,0.0,0.0,0.0,0.0,0.0,0.0,0.0,0.0
2017-05-18,13.42,0.0,0.0,0.0,84.0,94,74,220,230,25.1,35.1,0.0,0.0,0.0,0.0,0.0,0.0,0.0,0.0
2017-05-19,14.99,0.0,0.0,0.0,85.0,93,66,260,240,25.1,32.0,0.0,0.0,0.0,0.0,0.0,0.0,0.0,0.0
2017-05-20,10.07,0.0,0.0,0.0,65.0,66,53,20,10,23.0,27.1,0.0,0.0,0.0,0.0,0.0,0.0,0.0,0.0
2017-05-21,7.83,0.0,0.0,0.0,59.0,66,51,150,150,16.1,21.9,0.0,0.0,0.0,0.0,0.0,0.0,0.0,0.0
2017-05-22,4.47,0.7,0.0,0.0,57.0,60,55,280,110,13.0,17.0,1.0,0.0,0.0,0.0,0.0,0.0,0.0,0.0
2017-05-23,6.04,0.0,0.0,0.0,62.0,70,56,10,330,14.1,18.1,0.0,0.0,0.0,0.0,0.0,0.0,0.0,0.0
2017-05-24,7.16,0.04,0.0,0.0,63.0,70,57,150,130,15.0,21.0,0.0,0.0,0.0,0.0,0.0,0.0,0.0,0.0
2017-05-25,10.07,0.95,0.0,0.0,58.0,59,56,40,60,17.0,23.0,1.0,0.0,1.0,0.0,0.0,0.0,0.0,0.0
2017-05-26,11.18,0.15,0.0,0.0,63.0,76,55,260,240,23.0,27.1,1.0,0.0,0.0,0.0,0.0,0.0,0.0,0.0
2017-05-27,6.04,0.0,0.0,0.0,67.0,74,58,260,270,13.0,15.0,0.0,0.0,0.0,0.0,0.0,0.0,0.0,0.0
2017-05-28,7.38,0.0,0.0,0.0,65.0,71,58,130,120,15.0,21.0,1.0,0.0,0.0,0.0,0.0,0.0,1.0,0.0
2017-05-29,6.71,0.14,0.0,0.0,60.0,61,57,90,90,14.1,17.0,1.0,0.0,0.0,0.0,0.0,0.0,0.0,0.0
2017-05-30,6.71,0.18,0.0,0.0,57.0,59,55,140,130,13.0,17.0,1.0,0.0,0.0,0.0,0.0,0.0,0.0,0.0
2017-05-31,6.93,0.05,0.0,0.0,64.0,80,58,240,240,16.1,21.0,1.0,0.0,1.0,0.0,0.0,0.0,0.0,0.0
2017-06-01,8.95,0.0,0.0,0.0,71.0,82,61,270,280,19.9,31.1,0.0,0.0,0.0,0.0,0.0,0.0,0.0,0.0
2017-06-02,10.51,0.0,0.0,0.0,70.0,80,58,300,260,25.1,32.0,0.0,0.0,0.0,0.0,0.0,0.0,0.0,0.0
2017-06-03,10.74,0.03,0.0,0.0,65.0,76,55,280,310,25.1,33.1,0.0,0.0,0.0,0.0,0.0,0.0,0.0,0.0
2017-06-04,6.26,0.1,0.0,0.0,65.0,70,54,10,130,14.1,18.1,1.0,0.0,0.0,0.0,0.0,0.0,0.0,0.0
2017-06-05,6.93,0.05,0.0,0.0,63.0,71,56,40,40,15.0,19.0,1.0,0.0,1.0,0.0,0.0,0.0,1.0,0.0
2017-06-06,9.84,0.05,0.0,0.0,58.0,60,53,20,30,17.0,21.0,1.0,0.0,0.0,0.0,0.0,0.0,0.0,0.0
2017-06-07,7.83,0.0,0.0,0.0,59.0,70,52,10,20,13.0,19.0,0.0,0.0,0.0,0.0,0.0,0.0,0.0,0.0
2017-06-08,5.59,0.0,0.0,0.0,62.0,72,54,150,150,16.1,19.0,0.0,0.0,0.0,0.0,0.0,0.0,0.0,0.0
2017-06-09,9.62,0.0,0.0,0.0,67.0,84,52,300,280,21.0,29.1,0.0,0.0,0.0,0.0,0.0,0.0,0.0,0.0
2017-06-10,11.41,0.0,0.0,0.0,76.0,88,61,230,230,23.9,31.1,0.0,0.0,0.0,0.0,0.0,0.0,0.0,0.0
2017-06-11,11.18,0.0,0.0,0.0,82.0,94,67,250,230,23.9,33.1,0.0,0.0,0.0,0.0,0.0,0.0,0.0,0.0
2017-06-12,9.17,0.0,0.0,0.0,85.0,97,69,260,260,19.9,25.1,0.0,0.0,0.0,0.0,0.0,0.0,0.0,0.0
2017-06-13,9.84,0.0,0.0,0.0,87.0,99,72,250,260,21.0,27.1,0.0,0.0,0.0,0.0,0.0,0.0,0.0,0.0
2017-06-14,7.61,0.17,0.0,0.0,80.0,83,69,20,30,18.1,21.9,1.0,0.0,1.0,0.0,0.0,0.0,0.0,0.0
2017-06-15,7.61,0.0,0.0,0.0,70.0,74,65,140,140,16.1,19.9,0.0,0.0,0.0,0.0,0.0,0.0,0.0,0.0
2017-06-16,7.61,0.0,0.0,0.0,67.0,71,64,90,90,13.0,16.1,1.0,0.0,0.0,0.0,0.0,0.0,0.0,0.0
2017-06-17,5.14,1.24,0.0,0.0,67.0,73,64,150,140,10.1,13.0,1.0,0.0,0.0,0.0,0.0,0.0,0.0,0.0
2017-06-18,8.95,0.0,0.0,0.0,76.0,89,68,170,170,18.1,23.9,1.0,0.0,0.0,0.0,0.0,0.0,0.0,0.0
2017-06-19,13.87,1.51,0.0,0.0,81.0,91,69,240,240,44.1,63.1,1.0,0.0,1.0,0.0,0.0,0.0,1.0,0.0
2017-06-20,12.53,0.02,0.0,0.0,76.0,87,69,260,250,28.0,32.0,0.0,0.0,0.0,0.0,0.0,0.0,0.0,0.0
2017-06-21,11.18,0.0,0.0,0.0,78.0,87,68,240,270,21.9,29.1,0.0,0.0,0.0,0.0,0.0,0.0,1.0,0.0
2017-06-22,6.71,0.0,0.0,0.0,76.0,84,65,160,150,15.0,19.0,0.0,0.0,0.0,0.0,0.0,0.0,0.0,0.0
2017-06-23,12.75,0.41,0.0,0.0,81.0,87,77,240,240,23.0,30.0,1.0,0.0,1.0,0.0,0.0,0.0,0.0,0.0
2017-06-24,12.08,1.56,0.0,0.0,79.0,88,69,280,280,25.9,36.0,1.0,0.0,0.0,0.0,0.0,0.0,0.0,0.0
2017-06-25,8.05,0.0,0.0,0.0,78.0,86,68,330,240,21.0,25.9,0.0,0.0,0.0,0.0,0.0,0.0,0.0,0.0
2017-06-26,10.29,0.0,0.0,0.0,74.0,82,64,240,250,21.0,27.1,0.0,0.0,0.0,0.0,0.0,0.0,0.0,0.0
2017-06-27,8.05,0.15,0.0,0.0,71.0,80,62,270,280,21.0,25.1,0.0,0.0,0.0,0.0,0.0,0.0,0.0,0.0
2017-06-28,9.17,0.0,0.0,0.0,70.0,81,58,270,290,19.9,25.9,0.0,0.0,0.0,0.0,0.0,0.0,0.0,0.0
2017-06-29,13.42,0.0,0.0,0.0,75.0,86,64,200,200,23.0,31.1,0.0,0.0,0.0,0.0,0.0,0.0,0.0,0.0
2017-06-30,13.87,0.0,0.0,0.0,80.0,91,73,200,200,25.1,33.1,0.0,0.0,1.0,0.0,0.0,0.0,0.0,0.0
2017-07-01,9.62,0.47,0.0,0.0,80.0,85,71,210,220,23.9,31.1,1.0,0.0,1.0,0.0,0.0,0.0,0.0,0.0
2017-07-02,10.51,0.0,0.0,0.0,78.0,90,69,250,260,19.9,25.1,0.0,0.0,0.0,0.0,0.0,0.0,0.0,0.0
2017-07-03,8.28,0.0,0.0,0.0,82.0,90,71,310,310,23.0,28.0,0.0,0.0,1.0,0.0,0.0,0.0,0.0,0.0
2017-07-04,6.71,0.0,0.0,0.0,78.0,88,71,20,280,14.1,16.1,0.0,0.0,0.0,0.0,0.0,0.0,0.0,0.0
2017-07-05,7.61,0.0,0.0,0.0,77.0,85,69,150,170,15.0,21.0,0.0,0.0,0.0,0.0,0.0,0.0,0.0,0.0
2017-07-06,6.71,0.0,0.0,0.0,74.0,78,71,160,160,14.1,17.0,0.0,0.0,0.0,0.0,0.0,0.0,0.0,0.0
2017-07-07,8.28,2.15,0.0,0.0,73.0,83,66,330,330,25.9,33.1,1.0,0.0,1.0,0.0,0.0,0.0,0.0,0.0
2017-07-08,11.63,0.0,0.0,0.0,78.0,87,68,250,250,25.1,32.0,0.0,0.0,0.0,0.0,0.0,0.0,0.0,0.0
2017-07-09,8.95,0.0,0.0,0.0,77.0,84,68,260,260,17.0,23.0,0.0,0.0,0.0,0.0,0.0,0.0,0.0,0.0
2017-07-10,9.62,0.0,0.0,0.0,76.0,87,64,200,200,21.0,25.9,0.0,0.0,0.0,0.0,0.0,0.0,0.0,0.0
2017-07-11,8.05,0.04,0.0,0.0,80.0,89,74,220,220,25.1,33.1,0.0,0.0,1.0,0.0,0.0,0.0,0.0,0.0
2017-07-12,11.18,0.01,0.0,0.0,83.0,91,76,240,240,25.1,32.0,0.0,0.0,0.0,0.0,0.0,0.0,0.0,0.0
2017-07-13,9.62,0.03,0.0,0.0,84.0,93,73,260,270,18.1,23.9,0.0,0.0,0.0,0.0,0.0,0.0,0.0,0.0
2017-07-14,6.71,0.3,0.0,0.0,71.0,73,66,100,110,15.0,19.0,1.0,0.0,1.0,0.0,0.0,0.0,0.0,0.0
2017-07-15,8.72,0.01,0.0,0.0,74.0,88,67,310,310,18.1,25.1,1.0,0.0,0.0,0.0,0.0,0.0,0.0,0.0
2017-07-16,6.04,0.0,0.0,0.0,78.0,87,68,160,170,15.0,21.0,0.0,0.0,0.0,0.0,0.0,0.0,0.0,0.0
2017-07-17,6.93,0.0,0.0,0.0,78.0,85,70,150,150,16.1,23.0,0.0,0.0,1.0,0.0,0.0,0.0,0.0,0.0
2017-07-18,6.71,0.0,0.0,0.0,80.0,87,72,200,160,14.1,19.0,0.0,0.0,0.0,0.0,0.0,0.0,0.0,0.0
2017-07-19,9.62,0.0,0.0,0.0,84.0,95,75,280,270,19.9,31.1,0.0,0.0,0.0,0.0,0.0,0.0,0.0,0.0
2017-07-20,8.28,0.0,0.0,0.0,87.0,98,76,290,290,19.9,23.9,0.0,0.0,0.0,0.0,0.0,0.0,0.0,0.0
2017-07-21,8.5,0.0,0.0,0.0,83.0,94,75,270,290,17.0,23.9,0.0,0.0,0.0,0.0,0.0,0.0,0.0,0.0
2017-07-22,7.38,0.39,0.0,0.0,85.0,92,71,160,360,14.1,17.0,1.0,0.0,0.0,0.0,0.0,0.0,0.0,0.0
2017-07-23,5.82,0.05,0.0,0.0,75.0,81,70,110,120,15.0,19.9,1.0,0.0,0.0,0.0,0.0,0.0,0.0,0.0
2017-07-24,11.41,0.9,0.0,0.0,71.0,75,65,20,30,25.9,32.0,1.0,0.0,1.0,0.0,0.0,0.0,0.0,0.0
2017-07-25,7.61,0.01,0.0,0.0,67.0,73,62,10,30,13.0,14.1,1.0,0.0,0.0,0.0,0.0,0.0,0.0,0.0
2017-07-26,8.05,0.0,0.0,0.0,71.0,76,66,150,140,13.0,19.0,0.0,0.0,0.0,0.0,0.0,0.0,0.0,0.0
2017-07-27,5.59,0.0,0.0,0.0,71.0,80,64,240,250,14.1,17.0,0.0,0.0,0.0,0.0,0.0,0.0,0.0,0.0
2017-07-28,5.14,0.0,0.0,0.0,78.0,85,71,20,180,14.1,16.1,0.0,0.0,0.0,0.0,0.0,0.0,1.0,0.0
2017-07-29,17.22,0.0,0.0,0.0,74.0,78,67,20,20,29.1,34.0,0.0,0.0,0.0,0.0,0.0,0.0,0.0,0.0
2017-07-30,8.5,0.0,0.0,0.0,72.0,83,60,10,360,16.1,19.9,0.0,0.0,0.0,0.0,0.0,0.0,0.0,0.0
2017-07-31,5.37,0.0,0.0,0.0,77.0,91,64,340,300,14.1,17.0,0.0,0.0,0.0,0.0,0.0,0.0,0.0,0.0
2017-08-01,5.14,0.0,0.0,0.0,81.0,93,69,180,280,13.0,18.1,0.0,0.0,0.0,0.0,0.0,0.0,0.0,0.0
2017-08-02,4.25,0.99,0.0,0.0,78.0,86,70,260,260,23.9,32.0,1.0,0.0,1.0,0.0,0.0,0.0,0.0,0.0
2017-08-03,5.59,0.01,0.0,0.0,76.0,85,68,130,150,15.0,19.9,1.0,0.0,1.0,0.0,0.0,0.0,1.0,0.0
2017-08-04,8.28,0.85,0.0,0.0,77.0,85,70,180,180,21.0,28.0,1.0,0.0,1.0,0.0,0.0,0.0,0.0,0.0
2017-08-05,10.51,0.64,0.0,0.0,76.0,81,67,240,240,31.1,38.9,1.0,0.0,1.0,0.0,0.0,0.0,0.0,0.0
2017-08-06,9.4,0.0,0.0,0.0,71.0,78,63,280,270,16.1,21.9,0.0,0.0,0.0,0.0,0.0,0.0,0.0,0.0
2017-08-07,5.14,0.65,0.0,0.0,68.0,70,64,20,130,12.1,16.1,1.0,0.0,0.0,0.0,0.0,0.0,0.0,0.0
2017-08-08,8.05,0.0,0.0,0.0,70.0,80,65,360,320,15.0,19.9,0.0,0.0,0.0,0.0,0.0,0.0,1.0,0.0
2017-08-09,4.25,0.0,0.0,0.0,75.0,84,64,160,160,13.0,18.1,0.0,0.0,0.0,0.0,0.0,0.0,0.0,0.0
2017-08-10,5.37,0.0,0.0,0.0,76.0,86,65,160,170,14.1,21.0,0.0,0.0,0.0,0.0,0.0,0.0,0.0,0.0
2017-08-11,6.04,0.01,0.0,0.0,75.0,81,68,120,150,15.0,19.9,0.0,0.0,1.0,0.0,0.0,0.0,0.0,0.0
2017-08-12,6.04,0.12,0.0,0.0,72.0,77,65,130,130,14.1,19.0,0.0,0.0,1.0,0.0,0.0,0.0,0.0,0.0
2017-08-13,8.05,0.0,0.0,0.0,77.0,85,69,310,290,17.0,25.9,0.0,0.0,0.0,0.0,0.0,0.0,0.0,0.0
2017-08-14,6.26,0.0,0.0,0.0,76.0,81,67,200,180,12.1,14.1,0.0,0.0,0.0,0.0,0.0,0.0,0.0,0.0
2017-08-15,3.36,0.51,0.0,0.0,73.0,74,68,220,240,12.1,15.0,1.0,0.0,0.0,0.0,0.0,0.0,0.0,0.0
2017-08-16,8.5,0.0,0.0,0.0,76.0,87,70,310,290,17.0,23.0,1.0,0.0,0.0,0.0,0.0,0.0,1.0,0.0
2017-08-17,7.83,0.0,0.0,0.0,75.0,81,66,160,180,13.0,17.0,0.0,0.0,0.0,0.0,0.0,0.0,0.0,0.0
2017-08-18,6.71,0.68,0.0,0.0,77.0,84,73,240,230,19.9,23.9,1.0,0.0,1.0,0.0,0.0,0.0,0.0,0.0
2017-08-19,8.28,0.0,0.0,0.0,79.0,89,73,250,260,18.1,23.0,0.0,0.0,0.0,0.0,0.0,0.0,0.0,0.0
2017-08-20,9.62,0.0,0.0,0.0,78.0,85,68,330,300,17.0,23.9,0.0,0.0,0.0,0.0,0.0,0.0,0.0,0.0
2017-08-21,7.38,0.0,0.0,0.0,78.0,88,66,200,200,16.1,21.0,0.0,0.0,0.0,0.0,0.0,0.0,0.0,0.0
2017-08-22,11.86,0.7,0.0,0.0,80.0,91,73,230,240,31.1,40.0,1.0,0.0,1.0,0.0,0.0,0.0,1.0,0.0
2017-08-23,9.17,0.0,0.0,0.0,78.0,83,69,270,270,18.1,23.9,1.0,0.0,0.0,0.0,0.0,0.0,0.0,0.0
2017-08-24,8.05,0.0,0.0,0.0,74.0,81,66,310,300,16.1,25.9,0.0,0.0,0.0,0.0,0.0,0.0,0.0,0.0
2017-08-25,7.83,0.0,0.0,0.0,71.0,79,61,290,280,15.0,23.9,0.0,0.0,0.0,0.0,0.0,0.0,0.0,0.0
2017-08-26,6.26,0.0,0.0,0.0,70.0,79,59,20,40,13.0,17.0,0.0,0.0,0.0,0.0,0.0,0.0,0.0,0.0
2017-08-27,7.61,0.0,0.0,0.0,69.0,78,59,10,70,14.1,19.9,0.0,0.0,0.0,0.0,0.0,0.0,0.0,0.0
2017-08-28,8.95,0.0,0.0,0.0,70.0,76,60,50,50,18.1,23.9,0.0,0.0,0.0,0.0,0.0,0.0,0.0,0.0
2017-08-29,11.63,0.3,0.0,0.0,67.0,69,61,30,80,21.0,27.1,1.0,0.0,0.0,0.0,0.0,0.0,1.0,0.0
2017-08-30,10.96,0.0,0.0,0.0,68.0,80,60,350,350,18.1,23.9,0.0,0.0,0.0,0.0,0.0,0.0,0.0,0.0
2017-08-31,10.96,0.03,0.0,0.0,72.0,84,61,300,300,28.0,34.0,0.0,0.0,0.0,0.0,0.0,0.0,0.0,0.0
2017-09-01,12.08,0.0,0.0,0.0,65.0,73,55,330,330,25.9,31.1,0.0,0.0,0.0,0.0,0.0,0.0,0.0,0.0
2017-09-02,9.17,0.6,0.0,0.0,61.0,68,49,60,110,16.1,21.9,1.0,0.0,0.0,0.0,0.0,0.0,0.0,0.0
2017-09-03,9.84,0.48,0.0,0.0,64.0,73,60,260,260,18.1,23.9,1.0,0.0,0.0,0.0,0.0,0.0,0.0,0.0
2017-09-04,10.74,0.0,0.0,0.0,69.0,82,58,200,200,21.9,30.0,0.0,0.0,0.0,0.0,0.0,0.0,0.0,0.0
2017-09-05,10.29,0.03,0.0,0.0,76.0,87,67,280,280,31.1,38.9,0.0,0.0,1.0,0.0,0.0,0.0,1.0,0.0
2017-09-06,9.17,0.37,0.0,0.0,68.0,71,61,340,340,23.0,27.1,1.0,0.0,1.0,0.0,0.0,0.0,0.0,0.0
2017-09-07,10.51,0.03,0.0,0.0,65.0,74,59,260,260,21.9,29.1,1.0,0.0,0.0,0.0,0.0,0.0,0.0,0.0
2017-09-08,9.62,0.0,0.0,0.0,65.0,74,54,280,280,25.1,29.1,0.0,0.0,0.0,0.0,0.0,0.0,0.0,0.0
2017-09-09,10.74,0.0,0.0,0.0,63.0,72,54,320,310,21.0,29.1,0.0,0.0,0.0,0.0,0.0,0.0,0.0,0.0
2017-09-10,10.29,0.0,0.0,0.0,64.0,75,55,20,20,21.0,25.9,0.0,0.0,0.0,0.0,0.0,0.0,0.0,0.0
2017-09-11,5.82,0.0,0.0,0.0,66.0,79,53,340,290,13.0,19.9,0.0,0.0,0.0,0.0,0.0,0.0,0.0,0.0
2017-09-12,5.37,0.0,0.0,0.0,70.0,82,57,240,270,12.1,15.0,0.0,0.0,0.0,0.0,0.0,0.0,0.0,0.0
2017-09-13,5.59,0.17,0.0,0.0,70.0,84,59,250,250,18.1,23.0,1.0,0.0,0.0,0.0,0.0,0.0,1.0,0.0
2017-09-14,7.16,0.0,0.0,0.0,74.0,83,69,250,240,17.0,23.0,0.0,0.0,0.0,0.0,0.0,0.0,0.0,0.0
2017-09-15,3.8,0.0,0.0,0.0,75.0,82,65,160,270,10.1,23.0,0.0,0.0,0.0,0.0,0.0,0.0,0.0,0.0
2017-09-16,4.92,0.0,0.0,0.0,74.0,82,67,150,160,10.1,16.1,1.0,0.0,0.0,0.0,0.0,0.0,1.0,0.0
2017-09-17,3.8,0.0,0.0,0.0,73.0,82,69,170,130,12.1,14.1,1.0,0.0,0.0,0.0,0.0,0.0,1.0,0.0
2017-09-18,8.5,0.0,0.0,0.0,71.0,75,69,30,30,14.1,18.1,1.0,0.0,0.0,0.0,0.0,0.0,1.0,0.0
2017-09-19,16.33,0.04,0.0,0.0,73.0,81,69,20,60,25.9,34.0,0.0,0.0,0.0,0.0,0.0,0.0,0.0,0.0
2017-09-20,16.11,0.0,0.0,0.0,75.0,81,71,360,360,29.1,35.1,0.0,0.0,0.0,0.0,0.0,0.0,0.0,0.0
2017-09-21,12.3,0.0,0.0,0.0,77.0,84,71,360,360,19.9,23.9,0.0,0.0,0.0,0.0,0.0,0.0,0.0,0.0
2017-09-22,15.21,0.0,0.0,0.0,75.0,85,66,360,360,23.0,28.0,0.0,0.0,0.0,0.0,0.0,0.0,0.0,0.0
2017-09-23,9.84,0.0,0.0,0.0,78.0,90,70,360,360,18.1,23.9,0.0,0.0,0.0,0.0,0.0,0.0,0.0,0.0
2017-09-24,4.7,0.0,0.0,0.0,79.0,92,65,10,40,13.0,16.1,0.0,0.0,0.0,0.0,0.0,0.0,0.0,0.0
2017-09-25,4.03,0.0,0.0,0.0,79.0,90,69,70,70,10.1,14.1,0.0,0.0,0.0,0.0,0.0,0.0,0.0,0.0
2017-09-26,3.8,0.0,0.0,0.0,74.0,84,67,340,330,10.1,14.1,0.0,0.0,0.0,0.0,0.0,0.0,0.0,0.0
2017-09-27,6.71,0.0,0.0,0.0,77.0,88,69,40,40,13.0,16.1,0.0,0.0,0.0,0.0,0.0,0.0,0.0,0.0
2017-09-28,16.33,0.0,0.0,0.0,76.0,79,60,350,310,28.0,36.0,0.0,0.0,0.0,0.0,0.0,0.0,0.0,0.0
2017-09-29,6.26,0.0,0.0,0.0,63.0,70,54,260,280,17.0,21.9,0.0,0.0,0.0,0.0,0.0,0.0,0.0,0.0
2017-09-30,13.87,0.0,0.0,0.0,61.0,68,53,360,10,25.9,33.1,0.0,0.0,0.0,0.0,0.0,0.0,0.0,0.0
2017-10-01,7.61,0.0,0.0,0.0,58.0,71,49,10,290,14.1,19.9,0.0,0.0,0.0,0.0,0.0,0.0,0.0,0.0
2017-10-02,4.92,0.0,0.0,0.0,61.0,75,47,20,360,13.0,17.0,0.0,0.0,0.0,0.0,0.0,0.0,0.0,0.0
2017-10-03,6.26,0.0,0.0,0.0,62.0,70,51,160,150,13.0,18.1,0.0,0.0,0.0,0.0,0.0,0.0,0.0,0.0
2017-10-04,9.84,0.0,0.0,0.0,63.0,78,50,210,230,19.9,25.9,0.0,0.0,0.0,0.0,0.0,0.0,0.0,0.0
2017-10-05,11.63,0.0,0.0,0.0,72.0,86,63,240,250,18.1,25.9,0.0,0.0,0.0,0.0,0.0,0.0,0.0,0.0
2017-10-06,4.92,0.0,0.0,0.0,74.0,85,68,270,260,15.0,18.1,0.0,0.0,0.0,0.0,0.0,0.0,0.0,0.0
2017-10-07,6.49,0.0,0.0,0.0,74.0,82,65,180,190,16.1,21.0,0.0,0.0,0.0,0.0,0.0,0.0,0.0,0.0
2017-10-08,11.41,0.22,0.0,0.0,75.0,79,73,220,230,19.9,28.0,1.0,0.0,1.0,0.0,0.0,0.0,0.0,0.0
2017-10-09,9.84,0.26,0.0,0.0,75.0,77,72,330,180,19.9,25.9,1.0,0.0,0.0,0.0,0.0,0.0,0.0,0.0
2017-10-10,8.05,0.0,0.0,0.0,75.0,83,66,290,320,15.0,21.9,0.0,0.0,0.0,0.0,0.0,0.0,0.0,0.0
2017-10-11,8.05,0.01,0.0,0.0,70.0,76,63,80,80,17.0,23.0,0.0,0.0,0.0,0.0,0.0,0.0,0.0,0.0
2017-10-12,12.3,0.05,0.0,0.0,62.0,65,56,50,60,18.1,27.1,0.0,0.0,0.0,0.0,0.0,0.0,0.0,0.0
2017-10-13,8.95,0.0,0.0,0.0,58.0,67,50,20,50,15.0,21.0,0.0,0.0,0.0,0.0,0.0,0.0,0.0,0.0
2017-10-14,5.59,0.1,0.0,0.0,65.0,74,61,360,340,12.1,14.1,1.0,0.0,0.0,0.0,0.0,0.0,0.0,0.0
2017-10-15,11.18,0.0,0.0,0.0,69.0,73,65,230,230,23.0,27.1,1.0,0.0,0.0,0.0,0.0,0.0,0.0,0.0
2017-10-16,14.76,0.01,0.0,0.0,62.0,69,47,320,310,23.0,32.0,1.0,0.0,0.0,0.0,0.0,0.0,0.0,0.0
2017-10-17,7.38,0.0,0.0,0.0,51.0,62,40,200,250,13.0,19.0,0.0,0.0,0.0,0.0,0.0,0.0,0.0,0.0
2017-10-18,6.71,0.0,0.0,0.0,57.0,74,45,230,230,13.0,17.0,0.0,0.0,0.0,0.0,0.0,0.0,0.0,0.0
2017-10-19,10.07,0.0,0.0,0.0,61.0,74,48,240,220,19.9,23.9,0.0,0.0,0.0,0.0,0.0,0.0,0.0,0.0
2017-10-20,9.17,0.0,0.0,0.0,65.0,76,55,330,310,21.0,28.0,0.0,0.0,0.0,0.0,0.0,0.0,0.0,0.0
2017-10-21,3.58,0.0,0.0,0.0,65.0,81,52,230,290,10.1,16.1,0.0,0.0,0.0,0.0,0.0,0.0,0.0,0.0
2017-10-22,4.25,0.0,0.0,0.0,63.0,75,50,150,150,12.1,14.1,0.0,0.0,0.0,0.0,0.0,0.0,0.0,0.0
2017-10-23,7.61,0.0,0.0,0.0,67.0,75,58,150,140,18.1,25.9,0.0,0.0,0.0,0.0,0.0,0.0,0.0,0.0
2017-10-24,11.86,0.21,0.0,0.0,70.0,77,66,180,160,23.9,35.1,1.0,0.0,1.0,0.0,0.0,0.0,0.0,0.0
2017-10-25,6.71,0.0,0.0,0.0,64.0,68,52,310,310,15.0,19.9,0.0,0.0,0.0,0.0,0.0,0.0,0.0,0.0
2017-10-26,10.74,0.0,0.0,0.0,56.0,60,48,290,290,21.0,29.1,0.0,0.0,0.0,0.0,0.0,0.0,0.0,0.0
2017-10-27,6.26,0.0,0.0,0.0,53.0,65,41,230,250,15.0,19.9,0.0,0.0,0.0,0.0,0.0,0.0,0.0,0.0
2017-10-28,6.49,0.0,0.0,0.0,59.0,71,47,150,150,17.0,23.9,0.0,0.0,0.0,0.0,0.0,0.0,0.0,0.0
2017-10-29,11.41,3.86,0.0,0.0,64.0,68,61,240,240,38.9,48.1,1.0,0.0,0.0,0.0,0.0,0.0,0.0,0.0
2017-10-30,17.0,0.22,0.0,0.0,57.0,61,48,270,260,35.1,46.1,1.0,0.0,0.0,0.0,0.0,0.0,1.0,0.0
2017-10-31,11.63,0.0,0.0,0.0,52.0,59,45,250,250,25.9,33.1,0.0,0.0,0.0,0.0,0.0,0.0,0.0,0.0
2017-11-01,5.82,0.0,0.0,0.0,49.0,58,39,100,100,12.1,17.0,0.0,0.0,0.0,0.0,0.0,0.0,0.0,0.0
2017-11-02,6.26,0.0,0.0,0.0,63.0,75,55,180,190,16.1,21.9,0.0,0.0,0.0,0.0,0.0,0.0,0.0,0.0
2017-11-03,11.63,0.0,0.0,0.0,67.0,76,50,350,340,28.0,35.1,0.0,0.0,0.0,0.0,0.0,0.0,0.0,0.0
2017-11-04,7.61,0.0,0.0,0.0,52.0,57,43,330,340,16.1,19.0,0.0,0.0,0.0,0.0,0.0,0.0,0.0,0.0
2017-11-05,6.71,0.05,0.0,0.0,56.0,62,53,70,70,12.1,16.1,1.0,0.0,0.0,0.0,0.0,0.0,0.0,0.0
2017-11-06,12.08,0.0,0.0,0.0,63.0,67,47,320,320,25.9,33.1,1.0,0.0,0.0,0.0,0.0,0.0,0.0,0.0
2017-11-07,12.53,0.69,0.0,0.0,46.0,50,39,10,10,21.9,25.9,1.0,0.0,0.0,0.0,0.0,0.0,0.0,0.0
2017-11-08,11.41,0.0,0.0,0.0,43.0,51,39,360,10,21.0,23.9,0.0,0.0,0.0,0.0,0.0,0.0,0.0,0.0
2017-11-09,7.16,0.0,0.0,0.0,45.0,54,37,240,230,14.1,19.0,0.0,0.0,0.0,0.0,0.0,0.0,0.0,0.0
2017-11-10,17.9,0.01,0.0,0.0,43.0,50,25,330,350,31.1,38.0,0.0,0.0,0.0,0.0,0.0,0.0,0.0,0.0
2017-11-11,8.5,0.0,0.0,0.0,30.0,41,24,310,320,18.1,23.9,0.0,0.0,0.0,0.0,0.0,0.0,0.0,0.0
2017-11-12,4.47,0.0,0.0,0.0,36.0,48,28,250,240,15.0,19.0,0.0,0.0,0.0,0.0,0.0,0.0,0.0,0.0
2017-11-13,10.07,0.09,0.0,0.0,42.0,48,38,360,360,15.0,18.1,1.0,0.0,0.0,0.0,0.0,0.0,0.0,0.0
2017-11-14,9.84,0.0,0.0,0.0,42.0,49,36,10,360,16.1,21.0,0.0,0.0,0.0,0.0,0.0,0.0,0.0,0.0
2017-11-15,7.61,0.0,0.0,0.0,42.0,53,34,10,90,13.0,16.1,0.0,0.0,0.0,0.0,0.0,0.0,0.0,0.0
2017-11-16,12.75,0.15,0.0,0.0,52.0,59,44,260,250,38.0,45.0,1.0,0.0,0.0,0.0,0.0,0.0,0.0,0.0
2017-11-17,14.32,0.0,0.0,0.0,45.0,50,37,310,330,29.1,36.9,0.0,0.0,0.0,0.0,0.0,0.0,0.0,0.0
2017-11-18,4.25,0.12,0.0,0.0,40.0,54,30,190,180,14.1,19.9,1.0,0.0,0.0,0.0,0.0,0.0,0.0,0.0
2017-11-19,18.12,0.26,0.0,0.0,53.0,59,39,270,280,38.0,51.0,1.0,0.0,0.0,0.0,0.0,0.0,0.0,0.0
2017-11-20,14.09,0.0,0.0,0.0,42.0,48,35,290,300,23.9,30.0,0.0,0.0,0.0,0.0,0.0,0.0,0.0,0.0
2017-11-21,9.4,0.0,0.0,0.0,46.0,60,36,230,230,23.9,32.0,0.0,0.0,0.0,0.0,0.0,0.0,0.0,0.0
2017-11-22,11.41,0.12,0.0,0.0,50.0,55,35,340,310,28.0,35.1,1.0,0.0,0.0,0.0,0.0,0.0,0.0,0.0
2017-11-23,7.83,0.0,0.0,0.0,38.0,46,31,310,310,18.1,23.9,0.0,0.0,0.0,0.0,0.0,0.0,0.0,0.0
2017-11-24,4.92,0.0,0.0,0.0,39.0,52,27,240,250,12.1,14.1,0.0,0.0,0.0,0.0,0.0,0.0,0.0,0.0
2017-11-25,7.16,0.0,0.0,0.0,45.0,59,33,190,250,16.1,19.0,0.0,0.0,0.0,0.0,0.0,0.0,0.0,0.0
2017-11-26,11.41,0.0,0.0,0.0,48.0,51,37,290,290,23.9,34.0,0.0,0.0,0.0,0.0,0.0,0.0,0.0,0.0
2017-11-27,11.63,0.0,0.0,0.0,44.0,54,37,320,290,23.9,31.1,0.0,0.0,0.0,0.0,0.0,0.0,0.0,0.0
2017-11-28,7.38,0.0,0.0,0.0,43.0,53,32,200,160,14.1,19.0,0.0,0.0,0.0,0.0,0.0,0.0,0.0,0.0
2017-11-29,12.75,0.0,0.0,0.0,53.0,66,39,330,320,25.1,34.0,1.0,0.0,0.0,0.0,0.0,0.0,0.0,0.0
2017-11-30,5.14,0.02,0.0,0.0,43.0,51,32,30,40,14.1,16.1,0.0,0.0,0.0,0.0,0.0,0.0,0.0,0.0
2017-12-01,9.4,0.0,0.0,0.0,49.0,52,36,330,320,21.9,31.1,0.0,0.0,0.0,0.0,0.0,0.0,0.0,0.0
2017-12-02,3.58,0.0,0.0,0.0,42.0,49,32,10,310,8.9,10.1,0.0,0.0,0.0,0.0,0.0,0.0,0.0,0.0
2017-12-03,4.7,0.0,0.0,0.0,44.0,49,38,360,360,8.1,10.1,0.0,0.0,0.0,0.0,0.0,0.0,0.0,0.0
2017-12-04,4.92,0.0,0.0,0.0,41.0,52,32,150,170,8.9,15.0,1.0,1.0,0.0,0.0,0.0,0.0,1.0,0.0
2017-12-05,9.62,0.31,0.0,0.0,54.0,64,50,200,200,14.1,21.9,1.0,0.0,0.0,0.0,0.0,0.0,0.0,0.0
2017-12-06,13.2,0.0,0.0,0.0,49.0,59,37,270,280,25.1,32.0,0.0,0.0,0.0,0.0,0.0,0.0,0.0,0.0
2017-12-07,11.63,0.0,0.0,0.0,40.0,46,31,260,270,30.0,35.1,0.0,0.0,0.0,0.0,0.0,0.0,0.0,0.0
2017-12-08,8.05,0.0,0.0,0.0,37.0,39,32,240,260,13.0,17.0,0.0,0.0,0.0,0.0,0.0,0.0,0.0,0.0
2017-12-09,8.5,0.37,4.3,0.0,34.0,35,30,340,310,17.0,21.9,1.0,0.0,0.0,0.0,0.0,0.0,0.0,0.0
2017-12-10,11.41,0.0,0.0,3.9,33.0,40,27,260,270,21.0,28.0,0.0,0.0,0.0,0.0,0.0,0.0,0.0,0.0
2017-12-11,8.05,0.0,0.0,1.2,36.0,43,32,240,230,17.0,23.9,0.0,0.0,0.0,0.0,0.0,0.0,0.0,0.0
2017-12-12,11.41,0.0,0.0,0.0,43.0,50,29,300,290,31.1,38.9,0.0,0.0,0.0,0.0,0.0,0.0,0.0,0.0
2017-12-13,19.69,0.0,0.0,0.0,28.0,34,20,270,280,35.1,47.0,0.0,0.0,0.0,0.0,0.0,0.0,0.0,0.0
2017-12-14,10.51,0.08,1.7,2.0,27.0,34,22,320,300,21.9,30.0,1.0,0.0,0.0,0.0,0.0,0.0,0.0,0.0
2017-12-15,5.59,0.1,1.1,0.0,24.0,27,18,250,270,13.0,19.0,1.0,0.0,0.0,0.0,0.0,0.0,0.0,0.0
2017-12-16,11.18,0.0,0.0,1.2,27.0,39,17,240,250,21.9,28.0,1.0,0.0,0.0,0.0,0.0,0.0,1.0,0.0
2017-12-17,3.8,0.0,0.0,0.0,35.0,38,32,20,30,8.1,10.1,0.0,0.0,0.0,0.0,0.0,0.0,0.0,0.0
2017-12-18,6.49,0.04,0.0,0.0,39.0,48,34,230,240,13.0,17.0,0.0,0.0,0.0,1.0,0.0,0.0,1.0,0.0
2017-12-19,13.42,0.0,0.0,0.0,48.0,57,43,250,250,30.0,36.9,0.0,0.0,0.0,0.0,0.0,0.0,0.0,0.0
2017-12-20,12.75,0.0,0.0,0.0,47.0,50,34,290,300,25.1,32.0,0.0,0.0,0.0,0.0,0.0,0.0,0.0,0.0
2017-12-21,6.93,0.0,0.0,0.0,36.0,42,30,360,310,14.1,19.9,0.0,0.0,0.0,0.0,0.0,0.0,0.0,0.0
2017-12-22,4.92,0.0,0.0,0.0,39.0,49,33,20,20,10.1,12.1,0.0,0.0,0.0,0.0,0.0,0.0,0.0,0.0
2017-12-23,7.61,0.51,0.0,0.0,42.0,50,39,310,310,21.0,29.1,1.0,0.0,0.0,0.0,0.0,0.0,0.0,0.0
2017-12-24,10.74,0.0,0.0,0.0,40.0,41,37,310,320,23.0,27.1,1.0,0.0,0.0,0.0,0.0,0.0,0.0,0.0
2017-12-25,19.01,0.2,0.1,0.0,36.0,38,28,270,280,40.0,51.0,1.0,0.0,0.0,0.0,0.0,0.0,0.0,0.0
2017-12-26,13.65,0.0,0.0,0.0,27.0,30,22,260,250,28.0,32.0,0.0,0.0,0.0,0.0,0.0,0.0,0.0,0.0
2017-12-27,11.63,0.0,0.0,0.0,23.0,26,17,310,310,18.1,25.9,0.0,0.0,0.0,0.0,0.0,0.0,0.0,0.0
2017-12-28,14.32,0.0,0.0,0.0,17.0,20,12,320,300,23.9,31.1,0.0,0.0,0.0,0.0,0.0,0.0,0.0,0.0
2017-12-29,10.29,0.0,0.0,0.0,16.0,25,12,280,300,19.9,27.1,0.0,0.0,0.0,0.0,0.0,0.0,0.0,0.0
2017-12-30,7.38,0.03,0.5,0.0,19.0,23,15,280,280,16.1,21.0,1.0,0.0,0.0,0.0,0.0,0.0,1.0,0.0
2017-12-31,14.99,0.0,0.0,1.2,17.0,19,9,320,300,29.1,38.9,0.0,0.0,0.0,0.0,0.0,0.0,0.0,0.0
2018-01-01,12.75,0.0,0.0,0.0,12.0,20,6,330,320,23.9,32.0,0.0,0.0,0.0,0.0,0.0,0.0,0.0,0.0
2018-01-02,14.32,0.0,0.0,0.0,18.0,27,12,260,270,21.0,25.9,0.0,0.0,0.0,0.0,0.0,0.0,0.0,0.0
2018-01-03,5.82,0.0,0.0,0.0,20.0,30,10,20,350,14.1,17.0,0.0,0.0,0.0,0.0,0.0,0.0,0.0,0.0
2018-01-04,22.82,0.71,8.4,0.0,25.0,29,18,300,290,33.1,44.1,1.0,1.0,0.0,0.0,0.0,0.0,0.0,1.0
2018-01-05,22.59,0.0,0.0,7.1,15.0,18,9,290,290,33.1,47.0,0.0,0.0,0.0,0.0,0.0,0.0,0.0,0.0
2018-01-06,16.78,0.0,0.0,7.1,11.0,14,6,310,280,25.9,34.0,0.0,0.0,0.0,0.0,0.0,0.0,0.0,0.0
2018-01-07,10.51,0.0,0.0,5.9,10.0,18,4,220,230,19.9,25.9,0.0,0.0,0.0,0.0,0.0,0.0,0.0,0.0
2018-01-08,10.74,0.0,0.0,5.9,21.0,31,16,230,230,17.0,23.0,0.0,0.0,0.0,1.0,0.0,1.0,0.0,0.0
2018-01-09,11.18,0.0,0.0,5.1,33.0,44,23,300,300,23.9,31.1,1.0,0.0,0.0,0.0,0.0,0.0,1.0,0.0
2018-01-10,4.03,0.0,0.0,3.1,33.0,40,24,120,310,8.9,12.1,0.0,0.0,0.0,0.0,0.0,0.0,0.0,0.0
2018-01-11,1.34,0.0,0.0,1.2,42.0,51,36,360,90,6.9,10.1,1.0,0.0,0.0,0.0,0.0,0.0,0.0,0.0
2018-01-12,8.5,0.55,0.0,0.0,53.0,64,42,180,180,21.9,29.1,1.0,1.0,0.0,0.0,0.0,0.0,0.0,0.0
2018-01-13,17.67,0.06,0.0,0.0,45.0,61,18,310,280,31.1,40.9,1.0,1.0,0.0,0.0,0.0,0.0,0.0,0.0
2018-01-14,14.32,0.0,0.0,0.0,20.0,27,15,20,330,21.0,29.1,0.0,0.0,0.0,0.0,0.0,0.0,0.0,0.0
2018-01-15,10.51,0.0,0.0,0.0,22.0,32,15,10,10,18.1,21.0,0.0,0.0,0.0,0.0,0.0,0.0,0.0,0.0
2018-01-16,5.37,0.0,0.0,0.0,29.0,38,22,20,320,10.1,12.1,0.0,0.0,0.0,0.0,0.0,0.0,0.0,0.0
2018-01-17,10.51,0.23,1.0,0.0,33.0,36,21,320,310,19.9,29.1,1.0,0.0,0.0,0.0,0.0,0.0,1.0,0.0
2018-01-18,11.41,0.0,0.0,0.0,25.0,35,17,320,290,17.0,25.1,0.0,0.0,0.0,0.0,0.0,0.0,0.0,0.0
2018-01-19,8.5,0.0,0.0,0.0,29.0,39,20,260,270,18.1,23.0,0.0,0.0,0.0,0.0,0.0,0.0,0.0,0.0
2018-01-20,12.3,0.0,0.0,0.0,40.0,55,32,260,260,28.0,34.0,0.0,0.0,0.0,0.0,0.0,0.0,0.0,0.0
2018-01-21,4.92,0.0,0.0,0.0,44.0,55,34,230,250,12.1,15.0,0.0,0.0,0.0,0.0,0.0,0.0,0.0,0.0
2018-01-22,5.82,0.01,0.0,0.0,46.0,51,39,30,30,13.0,15.0,1.0,0.0,0.0,0.0,0.0,0.0,1.0,0.0
2018-01-23,10.74,0.25,0.0,0.0,48.0,62,39,270,270,32.0,40.9,1.0,1.0,0.0,0.0,0.0,0.0,0.0,0.0
2018-01-24,15.21,0.0,0.0,0.0,42.0,44,27,300,300,25.9,33.1,0.0,0.0,0.0,0.0,0.0,0.0,0.0,0.0
2018-01-25,13.87,0.0,0.0,0.0,29.0,36,23,330,320,25.1,33.1,0.0,0.0,0.0,0.0,0.0,0.0,0.0,0.0
2018-01-26,4.92,0.0,0.0,0.0,31.0,40,20,150,150,13.0,17.0,0.0,0.0,0.0,0.0,0.0,0.0,0.0,0.0
2018-01-27,9.84,0.0,0.0,0.0,40.0,57,28,230,230,23.9,30.0,0.0,0.0,0.0,0.0,0.0,0.0,0.0,0.0
2018-01-28,6.71,0.2,0.0,0.0,51.0,54,42,230,230,14.1,21.0,0.0,0.0,0.0,0.0,0.0,0.0,0.0,0.0
2018-01-29,12.08,0.0,0.0,0.0,42.0,45,35,40,50,19.9,25.9,0.0,0.0,0.0,0.0,0.0,0.0,0.0,0.0
2018-01-30,12.3,0.05,0.7,1.2,34.0,37,24,330,330,25.1,35.1,0.0,0.0,0.0,0.0,0.0,0.0,0.0,0.0
2018-01-31,10.74,0.0,0.0,0.0,25.0,33,17,200,320,21.0,28.0,0.0,0.0,0.0,0.0,0.0,0.0,0.0,0.0
2018-02-01,6.26,0.02,0.0,0.0,36.0,45,31,240,240,14.1,17.0,0.0,0.0,0.0,0.0,0.0,0.0,0.0,0.0
2018-02-02,18.34,0.14,0.0,0.0,33.0,41,17,310,310,32.0,45.0,1.0,0.0,0.0,0.0,0.0,0.0,0.0,0.0
2018-02-03,11.41,0.0,0.0,0.0,22.0,32,14,210,220,21.0,25.9,0.0,0.0,0.0,0.0,0.0,0.0,0.0,0.0
2018-02-04,7.38,0.81,0.0,0.0,33.0,41,29,200,200,16.1,19.9,1.0,0.0,0.0,0.0,0.0,0.0,0.0,0.0
2018-02-05,12.08,0.0,0.0,0.0,36.0,41,24,290,320,29.1,38.0,0.0,0.0,0.0,0.0,0.0,0.0,0.0,0.0
2018-02-06,4.47,0.0,0.0,0.0,30.0,38,24,260,260,15.0,17.0,0.0,0.0,0.0,0.0,0.0,0.0,0.0,0.0
2018-02-07,9.62,0.94,0.6,0.0,33.0,45,24,310,320,25.9,34.0,1.0,0.0,0.0,1.0,0.0,1.0,0.0,0.0
2018-02-08,12.3,0.0,0.0,0.0,32.0,35,24,320,320,25.9,33.1,0.0,0.0,0.0,0.0,0.0,0.0,0.0,0.0
2018-02-09,5.59,0.0,0.0,0.0,29.0,36,22,190,180,13.0,17.0,0.0,0.0,0.0,0.0,0.0,0.0,0.0,0.0
2018-02-10,1.12,0.64,0.0,0.0,40.0,47,34,280,310,6.9,8.9,1.0,0.0,0.0,0.0,0.0,0.0,1.0,0.0
2018-02-11,5.59,1.19,0.0,0.0,48.0,64,45,220,230,15.0,19.9,1.0,0.0,0.0,0.0,0.0,0.0,0.0,0.0
2018-02-12,14.09,0.0,0.0,0.0,51.0,64,32,330,330,23.9,32.0,0.0,0.0,0.0,1.0,0.0,0.0,0.0,0.0
2018-02-13,8.72,0.0,0.0,0.0,33.0,38,26,350,350,19.9,23.9,0.0,0.0,0.0,0.0,0.0,0.0,0.0,0.0
2018-02-14,8.5,0.05,0.0,0.0,40.0,55,33,240,240,17.0,23.9,0.0,0.0,0.0,0.0,0.0,0.0,0.0,0.0
2018-02-15,7.83,0.11,0.0,0.0,50.0,60,44,240,210,14.1,18.1,1.0,0.0,0.0,0.0,0.0,0.0,1.0,0.0
2018-02-16,13.65,0.06,0.0,0.0,56.0,59,36,330,320,30.0,36.9,1.0,0.0,0.0,0.0,0.0,0.0,0.0,0.0
2018-02-17,8.5,0.48,2.8,0.0,35.0,39,25,310,310,21.0,25.1,1.0,0.0,0.0,0.0,0.0,0.0,0.0,0.0
2018-02-18,8.72,0.0,0.0,2.0,37.0,46,33,330,310,21.0,27.1,1.0,0.0,0.0,0.0,0.0,0.0,0.0,0.0
2018-02-19,2.91,0.06,0.0,0.0,41.0,49,32,180,190,13.0,16.1,1.0,1.0,0.0,0.0,0.0,0.0,1.0,0.0
2018-02-20,8.5,0.0,0.0,0.0,53.0,69,46,240,250,17.0,23.0,1.0,1.0,0.0,0.0,0.0,0.0,0.0,0.0
2018-02-21,13.42,0.0,0.0,0.0,66.0,80,56,340,330,25.1,32.0,0.0,0.0,0.0,0.0,0.0,0.0,0.0,0.0
2018-02-22,13.2,0.15,0.0,0.0,50.0,59,37,360,10,21.0,25.9,1.0,0.0,0.0,0.0,0.0,0.0,0.0,0.0
2018-02-23,6.71,0.05,0.0,0.0,39.0,41,37,240,90,14.1,17.0,1.0,0.0,0.0,0.0,0.0,0.0,0.0,0.0
2018-02-24,7.61,0.06,0.0,0.0,46.0,56,41,350,240,18.1,21.9,1.0,0.0,0.0,0.0,0.0,0.0,0.0,0.0
2018-02-25,8.28,0.98,0.0,0.0,44.0,44,41,20,60,16.1,21.9,1.0,0.0,0.0,0.0,0.0,0.0,0.0,0.0
2018-02-26,8.72,0.0,0.0,0.0,46.0,54,41,320,320,18.1,23.0,0.0,0.0,0.0,0.0,0.0,0.0,0.0,0.0
2018-02-27,6.71,0.0,0.0,0.0,47.0,59,36,270,270,17.0,23.9,0.0,0.0,0.0,0.0,0.0,0.0,0.0,0.0
2018-02-28,8.72,0.0,0.0,0.0,48.0,62,36,240,230,17.0,23.0,0.0,0.0,0.0,0.0,0.0,0.0,0.0,0.0
2018-03-01,6.93,0.51,0.0,0.0,54.0,61,46,80,70,17.0,23.9,1.0,0.0,0.0,0.0,0.0,0.0,0.0,0.0
2018-03-02,24.38,1.89,0.0,0.0,41.0,46,34,330,330,38.9,53.0,1.0,0.0,0.0,1.0,0.0,0.0,1.0,0.0
2018-03-03,21.25,0.0,0.0,0.0,40.0,48,36,340,350,31.1,38.9,0.0,0.0,0.0,0.0,0.0,0.0,0.0,0.0
2018-03-04,19.01,0.0,0.0,0.0,42.0,47,34,340,310,30.0,38.9,0.0,0.0,0.0,0.0,0.0,0.0,0.0,0.0
2018-03-05,15.66,0.0,0.0,0.0,38.0,46,33,350,360,23.9,30.0,0.0,0.0,0.0,0.0,0.0,0.0,0.0,0.0
2018-03-06,7.61,0.0,0.0,0.0,38.0,47,29,110,140,15.0,21.0,0.0,0.0,0.0,0.0,0.0,0.0,0.0,0.0
2018-03-07,16.11,0.85,4.6,0.0,36.0,40,32,350,360,25.9,36.0,1.0,0.0,1.0,0.0,1.0,0.0,0.0,0.0
2018-03-08,11.63,0.0,0.0,3.1,36.0,40,32,260,260,19.9,25.1,0.0,0.0,0.0,0.0,0.0,0.0,0.0,0.0
2018-03-09,16.55,0.0,0.0,1.2,35.0,43,29,260,270,29.1,34.0,0.0,0.0,0.0,0.0,0.0,0.0,0.0,0.0
2018-03-10,13.2,0.0,0.0,0.0,36.0,43,31,270,270,25.1,30.0,0.0,0.0,0.0,0.0,0.0,0.0,0.0,0.0
2018-03-11,9.4,0.0,0.0,0.0,38.0,47,30,320,300,19.9,23.0,0.0,0.0,0.0,0.0,0.0,0.0,0.0,0.0
2018-03-12,10.51,0.04,0.0,0.0,38.0,45,30,50,70,18.1,25.1,1.0,0.0,0.0,0.0,0.0,0.0,0.0,0.0
2018-03-13,15.66,0.26,0.3,0.0,37.0,43,33,290,280,28.0,38.9,1.0,0.0,0.0,0.0,0.0,0.0,0.0,0.0
2018-03-14,19.91,0.0,0.0,0.0,36.0,43,31,270,280,31.1,45.0,0.0,0.0,0.0,0.0,0.0,0.0,0.0,0.0
2018-03-15,17.0,0.0,0.0,0.0,38.0,50,32,240,260,31.1,38.0,0.0,0.0,0.0,0.0,0.0,0.0,0.0,0.0
2018-03-16,16.78,0.0,0.0,0.0,37.0,44,30,290,280,30.0,40.9,0.0,0.0,0.0,0.0,0.0,0.0,0.0,0.0
2018-03-17,14.99,0.0,0.0,0.0,37.0,51,27,280,280,28.0,36.0,0.0,0.0,0.0,0.0,0.0,0.0,0.0,0.0
2018-03-18,11.41,0.0,0.0,0.0,38.0,46,30,330,320,23.0,29.1,0.0,0.0,0.0,0.0,0.0,0.0,0.0,0.0
2018-03-19,8.72,0.0,0.0,0.0,39.0,48,29,10,340,16.1,28.0,0.0,0.0,0.0,0.0,0.0,0.0,0.0,0.0
2018-03-20,12.3,0.0,0.0,0.0,35.0,40,30,40,40,21.0,27.1,0.0,0.0,0.0,1.0,0.0,0.0,0.0,0.0
2018-03-21,16.55,0.77,7.9,0.0,35.0,40,31,40,40,25.9,34.0,1.0,0.0,0.0,0.0,0.0,0.0,0.0,0.0
2018-03-22,13.87,0.05,0.4,7.9,39.0,51,33,300,300,23.9,31.1,1.0,0.0,0.0,0.0,0.0,0.0,0.0,0.0
2018-03-23,12.75,0.0,0.0,1.2,43.0,52,35,320,310,21.9,29.1,0.0,0.0,0.0,0.0,0.0,0.0,0.0,0.0
2018-03-24,13.2,0.0,0.0,0.0,43.0,52,35,350,300,19.9,27.1,0.0,0.0,0.0,0.0,0.0,0.0,0.0,0.0
2018-03-25,10.51,0.0,0.0,0.0,39.0,46,32,50,60,18.1,25.1,0.0,0.0,0.0,0.0,0.0,0.0,0.0,0.0
2018-03-26,7.83,0.0,0.0,0.0,39.0,48,29,30,50,17.0,23.0,0.0,0.0,0.0,0.0,0.0,0.0,0.0,0.0
2018-03-27,4.7,0.03,0.0,0.0,38.0,43,31,130,70,8.9,13.0,1.0,0.0,0.0,0.0,0.0,0.0,0.0,0.0
2018-03-28,6.49,0.03,0.0,0.0,43.0,51,38,240,250,13.0,18.1,1.0,0.0,0.0,0.0,0.0,0.0,0.0,0.0
2018-03-29,4.25,0.03,0.0,0.0,49.0,51,46,90,90,12.1,14.1,1.0,1.0,0.0,0.0,0.0,0.0,0.0,0.0
2018-03-30,9.84,0.02,0.0,0.0,52.0,62,44,310,320,23.9,33.1,1.0,0.0,0.0,0.0,0.0,0.0,1.0,0.0
2018-03-31,10.51,0.0,0.0,0.0,47.0,58,38,320,330,23.0,28.0,0.0,0.0,0.0,0.0,0.0,0.0,0.0,0.0
2018-04-01,11.63,0.0,0.0,0.0,51.0,63,40,300,300,23.0,28.0,0.0,0.0,0.0,0.0,0.0,0.0,0.0,0.0
2018-04-02,6.93,0.56,5.0,3.9,39.0,45,32,350,350,23.9,29.1,1.0,1.0,0.0,0.0,0.0,0.0,0.0,0.0
2018-04-03,4.92,0.23,0.0,1.2,39.0,43,34,360,360,13.0,16.1,1.0,0.0,0.0,0.0,0.0,0.0,1.0,0.0
2018-04-04,15.88,0.06,0.0,0.0,46.0,57,39,270,260,44.1,53.9,1.0,1.0,0.0,0.0,0.0,0.0,0.0,0.0
2018-04-05,16.33,0.0,0.0,0.0,41.0,48,33,300,300,30.0,38.9,0.0,0.0,0.0,0.0,0.0,0.0,0.0,0.0
2018-04-06,9.62,0.07,0.0,0.0,44.0,64,35,230,230,31.1,40.0,1.0,0.0,0.0,0.0,0.0,0.0,0.0,0.0
2018-04-07,12.75,0.0,0.0,0.0,47.0,49,37,320,320,21.0,28.0,0.0,0.0,0.0,0.0,0.0,0.0,0.0,0.0
2018-04-08,14.32,0.0,0.0,0.0,39.0,48,31,310,290,25.1,33.1,0.0,0.0,0.0,0.0,0.0,0.0,0.0,0.0
2018-04-09,8.28,0.0,0.0,0.0,39.0,50,31,190,330,19.9,25.9,0.0,0.0,0.0,0.0,0.0,0.0,0.0,0.0
2018-04-10,9.17,0.0,0.0,0.0,43.0,52,37,310,310,17.0,23.9,1.0,0.0,0.0,0.0,0.0,0.0,1.0,0.0
2018-04-11,6.26,0.0,0.0,0.0,43.0,54,32,160,250,16.1,23.0,0.0,0.0,0.0,0.0,0.0,0.0,0.0,0.0
2018-04-12,6.93,0.0,0.0,0.0,49.0,62,42,210,210,19.9,28.0,0.0,0.0,0.0,0.0,0.0,0.0,0.0,0.0
2018-04-13,14.99,0.0,0.0,0.0,68.0,84,58,230,230,23.9,31.1,0.0,0.0,0.0,0.0,0.0,0.0,0.0,0.0
2018-04-14,11.86,0.0,0.0,0.0,70.0,81,44,70,70,19.9,27.1,1.0,0.0,0.0,0.0,0.0,0.0,1.0,0.0
2018-04-15,14.32,0.44,0.0,0.0,45.0,45,39,50,50,21.0,28.0,1.0,0.0,0.0,0.0,0.0,0.0,0.0,0.0
2018-04-16,16.11,2.99,0.0,0.0,47.0,61,40,250,70,30.0,38.9,1.0,0.0,1.0,0.0,0.0,0.0,0.0,0.0
2018-04-17,16.11,0.0,0.0,0.0,45.0,49,39,280,260,28.0,32.0,0.0,0.0,0.0,0.0,0.0,0.0,0.0,0.0
2018-04-18,13.2,0.0,0.0,0.0,45.0,55,38,270,250,23.9,29.1,0.0,0.0,0.0,0.0,0.0,0.0,0.0,0.0
2018-04-19,12.3,0.12,0.0,0.0,46.0,49,37,320,300,25.1,34.0,1.0,0.0,0.0,0.0,0.0,0.0,0.0,0.0
2018-04-20,16.78,0.0,0.0,0.0,44.0,53,37,320,320,25.9,36.0,0.0,0.0,0.0,0.0,0.0,0.0,0.0,0.0
2018-04-21,10.07,0.0,0.0,0.0,49.0,64,37,330,310,18.1,28.0,0.0,0.0,0.0,0.0,0.0,0.0,0.0,0.0
2018-04-22,6.71,0.0,0.0,0.0,56.0,68,42,150,330,16.1,23.9,0.0,0.0,0.0,0.0,0.0,0.0,0.0,0.0
2018-04-23,5.59,0.0,0.0,0.0,54.0,65,40,160,120,15.0,19.9,0.0,0.0,0.0,0.0,0.0,0.0,0.0,0.0
2018-04-24,7.61,0.08,0.0,0.0,54.0,64,47,150,160,18.1,25.9,0.0,0.0,0.0,0.0,0.0,0.0,0.0,0.0
2018-04-25,7.38,0.85,0.0,0.0,56.0,58,53,110,100,17.0,25.1,1.0,0.0,0.0,0.0,0.0,0.0,0.0,0.0
2018-04-26,11.41,0.01,0.0,0.0,60.0,70,55,310,270,23.9,38.0,1.0,0.0,0.0,0.0,0.0,0.0,0.0,0.0
2018-04-27,6.49,0.1,0.0,0.0,57.0,60,50,100,80,15.0,18.1,1.0,0.0,0.0,0.0,0.0,0.0,0.0,0.0
2018-04-28,7.61,0.26,0.0,0.0,56.0,66,48,300,300,25.9,34.0,1.0,0.0,0.0,0.0,0.0,0.0,1.0,0.0
2018-04-29,12.53,0.04,0.0,0.0,54.0,61,48,300,280,23.9,35.1,0.0,0.0,0.0,0.0,0.0,0.0,0.0,0.0
2018-04-30,13.42,0.04,0.0,0.0,49.0,54,46,330,300,25.9,36.0,0.0,0.0,0.0,0.0,0.0,0.0,0.0,0.0
2018-05-01,10.07,0.0,0.0,0.0,60.0,83,44,330,340,23.0,29.1,0.0,0.0,0.0,0.0,0.0,0.0,0.0,0.0
2018-05-02,13.42,0.0,0.0,0.0,75.0,90,56,250,230,30.0,38.9,0.0,0.0,0.0,0.0,0.0,0.0,0.0,0.0
2018-05-03,12.3,0.0,0.0,0.0,81.0,94,66,310,290,31.1,38.9,0.0,0.0,0.0,0.0,0.0,0.0,0.0,0.0
2018-05-04,12.97,0.0,0.0,0.0,77.0,88,69,290,290,32.0,45.0,0.0,0.0,0.0,0.0,0.0,0.0,0.0,0.0
2018-05-05,11.41,0.0,0.0,0.0,72.0,76,62,320,300,25.9,33.1,0.0,0.0,0.0,0.0,0.0,0.0,0.0,0.0
2018-05-06,8.5,0.0,0.0,0.0,65.0,67,59,50,50,18.1,23.0,0.0,0.0,0.0,0.0,0.0,0.0,0.0,0.0
2018-05-07,7.38,0.0,0.0,0.0,63.0,75,52,10,30,15.0,19.0,0.0,0.0,0.0,0.0,0.0,0.0,0.0,0.0
2018-05-08,5.59,0.0,0.0,0.0,61.0,70,52,160,120,12.1,19.0,0.0,0.0,0.0,0.0,0.0,0.0,0.0,0.0
2018-05-09,5.37,0.0,0.0,0.0,62.0,76,53,130,130,15.0,21.9,0.0,0.0,0.0,0.0,0.0,0.0,0.0,0.0
2018-05-10,6.04,0.08,0.0,0.0,58.0,68,52,110,110,14.1,19.0,1.0,0.0,1.0,0.0,0.0,0.0,0.0,0.0
2018-05-11,10.51,0.0,0.0,0.0,66.0,75,61,340,340,21.9,25.9,0.0,0.0,0.0,0.0,0.0,0.0,0.0,0.0
2018-05-12,8.05,0.21,0.0,0.0,60.0,64,52,360,360,16.1,19.9,1.0,0.0,1.0,0.0,0.0,0.0,0.0,0.0
2018-05-13,7.16,0.25,0.0,0.0,53.0,54,51,360,30,14.1,16.1,1.0,0.0,0.0,0.0,0.0,0.0,1.0,0.0
2018-05-14,3.58,0.12,0.0,0.0,57.0,70,52,160,170,13.0,18.1,1.0,0.0,0.0,0.0,0.0,0.0,0.0,0.0
2018-05-15,9.62,0.43,0.0,0.0,71.0,92,61,310,310,42.9,53.0,1.0,0.0,1.0,0.0,0.0,0.0,1.0,0.0
2018-05-16,6.71,0.35,0.0,0.0,64.0,67,57,30,90,15.0,19.9,1.0,0.0,0.0,0.0,0.0,0.0,0.0,0.0
2018-05-17,5.14,0.33,0.0,0.0,61.0,72,56,20,10,12.1,14.1,1.0,0.0,0.0,0.0,0.0,0.0,1.0,0.0
2018-05-18,9.4,0.0,0.0,0.0,65.0,66,57,60,40,21.9,28.0,1.0,0.0,0.0,0.0,0.0,0.0,0.0,0.0
2018-05-19,6.49,0.72,0.0,0.0,55.0,57,51,90,90,14.1,17.0,1.0,1.0,0.0,0.0,0.0,0.0,0.0,0.0
2018-05-20,10.74,0.0,0.0,0.0,67.0,85,56,270,280,23.9,28.0,1.0,1.0,0.0,0.0,0.0,0.0,0.0,0.0
2018-05-21,7.38,0.0,0.0,0.0,69.0,78,58,180,190,14.1,18.1,0.0,0.0,0.0,0.0,0.0,0.0,0.0,0.0
2018-05-22,3.58,0.19,0.0,0.0,63.0,67,58,260,260,10.1,14.1,1.0,0.0,0.0,0.0,0.0,0.0,0.0,0.0
2018-05-23,8.95,0.24,0.0,0.0,67.0,82,58,330,290,19.9,27.1,1.0,0.0,1.0,0.0,0.0,0.0,0.0,0.0
2018-05-24,8.95,0.0,0.0,0.0,75.0,85,66,230,230,17.0,25.1,0.0,0.0,0.0,0.0,0.0,0.0,0.0,0.0
2018-05-25,12.75,0.0,0.0,0.0,76.0,88,60,250,250,25.1,31.1,0.0,0.0,0.0,0.0,0.0,0.0,0.0,0.0
2018-05-26,8.05,0.0,0.0,0.0,81.0,92,70,240,250,18.1,25.1,0.0,0.0,0.0,0.0,0.0,0.0,0.0,0.0
2018-05-27,10.96,0.87,0.0,0.0,69.0,78,57,40,50,21.9,31.1,1.0,0.0,1.0,0.0,0.0,0.0,0.0,0.0
2018-05-28,5.82,0.0,0.0,0.0,61.0,71,56,160,150,12.1,15.0,0.0,0.0,0.0,0.0,0.0,0.0,0.0,0.0
2018-05-29,5.59,0.0,0.0,0.0,73.0,89,63,170,170,12.1,15.0,1.0,0.0,0.0,0.0,0.0,0.0,0.0,0.0
2018-05-30,6.26,0.0,0.0,0.0,70.0,74,58,140,150,13.0,17.0,1.0,0.0,0.0,0.0,0.0,0.0,0.0,0.0
2018-05-31,5.82,0.01,0.0,0.0,65.0,68,63,90,100,10.1,14.1,1.0,0.0,0.0,0.0,0.0,0.0,0.0,0.0
2018-06-01,3.36,0.2,0.0,0.0,69.0,82,63,360,340,15.0,19.0,1.0,0.0,1.0,0.0,0.0,0.0,1.0,0.0
2018-06-02,9.17,0.05,0.0,0.0,77.0,87,68,340,330,28.0,32.0,0.0,0.0,1.0,0.0,0.0,0.0,0.0,0.0
2018-06-03,12.08,0.2,0.0,0.0,65.0,69,52,110,90,18.1,25.1,1.0,0.0,0.0,0.0,0.0,0.0,0.0,0.0
2018-06-04,7.61,0.11,0.0,0.0,59.0,72,52,20,10,15.0,18.1,1.0,0.0,0.0,0.0,0.0,0.0,0.0,0.0
2018-06-05,11.86,0.0,0.0,0.0,67.0,77,57,240,250,23.9,30.0,0.0,0.0,0.0,0.0,0.0,0.0,0.0,0.0
2018-06-06,5.82,0.0,0.0,0.0,65.0,71,57,130,100,12.1,16.1,0.0,0.0,0.0,0.0,0.0,0.0,0.0,0.0
2018-06-07,6.93,0.0,0.0,0.0,64.0,70,60,140,150,16.1,21.9,0.0,0.0,0.0,0.0,0.0,0.0,0.0,0.0
2018-06-08,8.72,0.0,0.0,0.0,69.0,85,56,260,240,17.0,23.9,0.0,0.0,0.0,0.0,0.0,0.0,0.0,0.0
2018-06-09,6.49,0.0,0.0,0.0,75.0,83,66,10,20,14.1,17.0,0.0,0.0,0.0,0.0,0.0,0.0,0.0,0.0
2018-06-10,5.59,0.06,0.0,0.0,69.0,73,57,20,80,13.0,14.1,0.0,0.0,0.0,0.0,0.0,0.0,0.0,0.0
2018-06-11,5.59,0.07,0.0,0.0,63.0,71,57,140,130,15.0,21.0,1.0,0.0,0.0,0.0,0.0,0.0,0.0,0.0
2018-06-12,7.61,0.0,0.0,0.0,65.0,75,54,150,150,18.1,25.1,0.0,0.0,0.0,0.0,0.0,0.0,0.0,0.0
2018-06-13,9.84,0.04,0.0,0.0,69.0,80,62,270,270,23.9,31.1,0.0,0.0,0.0,0.0,0.0,0.0,0.0,0.0
2018-06-14,14.99,0.0,0.0,0.0,76.0,87,65,280,300,28.0,35.1,0.0,0.0,0.0,0.0,0.0,0.0,0.0,0.0
2018-06-15,10.96,0.0,0.0,0.0,73.0,81,64,320,320,25.1,32.0,0.0,0.0,0.0,0.0,0.0,0.0,0.0,0.0
2018-06-16,7.61,0.0,0.0,0.0,74.0,87,59,330,280,16.1,23.0,0.0,0.0,0.0,0.0,0.0,0.0,0.0,0.0
2018-06-17,6.26,0.0,0.0,0.0,78.0,91,61,200,200,15.0,19.0,0.0,0.0,0.0,0.0,0.0,0.0,0.0,0.0
2018-06-18,12.08,0.14,0.0,0.0,83.0,96,70,290,290,31.1,38.0,1.0,0.0,1.0,0.0,0.0,0.0,1.0,0.0
2018-06-19,11.63,0.17,0.0,0.0,82.0,90,74,240,250,28.0,34.0,1.0,0.0,0.0,0.0,0.0,0.0,0.0,0.0
2018-06-20,6.49,0.07,0.0,0.0,77.0,86,69,130,140,13.0,17.0,1.0,0.0,0.0,0.0,0.0,0.0,0.0,0.0
2018-06-21,8.28,0.11,0.0,0.0,75.0,87,66,360,340,18.1,21.9,1.0,0.0,0.0,0.0,0.0,0.0,0.0,0.0
2018-06-22,8.28,0.14,0.0,0.0,72.0,74,63,130,150,15.0,19.9,1.0,0.0,0.0,0.0,0.0,0.0,0.0,0.0
2018-06-23,7.61,0.0,0.0,0.0,66.0,69,64,40,40,16.1,19.0,0.0,0.0,0.0,0.0,0.0,0.0,0.0,0.0
2018-06-24,8.28,0.01,0.0,0.0,74.0,89,66,280,280,28.0,35.1,1.0,0.0,1.0,0.0,0.0,0.0,1.0,0.0
2018-06-25,12.3,0.0,0.0,0.0,76.0,84,65,340,320,23.9,35.1,0.0,0.0,0.0,0.0,0.0,0.0,0.0,0.0
2018-06-26,9.17,0.0,0.0,0.0,71.0,77,61,170,120,14.1,21.0,0.0,0.0,0.0,0.0,0.0,0.0,0.0,0.0
2018-06-27,7.61,0.0,0.0,0.0,70.0,75,63,200,180,19.9,25.1,0.0,0.0,0.0,0.0,0.0,0.0,0.0,0.0
2018-06-28,8.28,0.5,0.0,0.0,76.0,88,70,180,190,18.1,23.0,1.0,0.0,1.0,0.0,0.0,0.0,0.0,0.0
2018-06-29,7.83,0.0,0.0,0.0,81.0,93,69,300,260,19.9,29.1,0.0,0.0,0.0,0.0,0.0,0.0,0.0,0.0
2018-06-30,6.93,0.0,0.0,0.0,85.0,96,69,240,270,16.1,21.9,0.0,0.0,0.0,0.0,0.0,0.0,0.0,0.0
2018-07-01,6.04,0.0,0.0,0.0,88.0,98,77,150,170,13.0,17.0,0.0,0.0,0.0,0.0,0.0,0.0,0.0,0.0
2018-07-02,5.82,0.0,0.0,0.0,87.0,96,75,160,140,15.0,21.0,0.0,0.0,0.0,0.0,0.0,0.0,0.0,0.0
2018-07-03,3.36,0.13,0.0,0.0,83.0,94,77,220,220,17.0,19.9,1.0,0.0,1.0,0.0,0.0,0.0,1.0,0.0
2018-07-04,4.47,0.0,0.0,0.0,81.0,89,76,130,130,13.0,16.1,1.0,0.0,1.0,0.0,0.0,0.0,1.0,0.0
2018-07-05,8.95,0.0,0.0,0.0,81.0,91,75,200,200,19.9,25.1,0.0,0.0,0.0,0.0,0.0,0.0,0.0,0.0
2018-07-06,12.75,0.27,0.0,0.0,80.0,84,69,310,310,21.0,29.1,1.0,0.0,1.0,0.0,0.0,0.0,0.0,0.0
2018-07-07,9.62,0.0,0.0,0.0,71.0,77,61,30,20,23.0,29.1,0.0,0.0,0.0,0.0,0.0,0.0,0.0,0.0
2018-07-08,5.37,0.0,0.0,0.0,72.0,84,60,180,190,14.1,17.0,0.0,0.0,0.0,0.0,0.0,0.0,0.0,0.0
2018-07-09,7.16,0.0,0.0,0.0,77.0,91,63,200,230,15.0,19.9,0.0,0.0,0.0,0.0,0.0,0.0,0.0,0.0
2018-07-10,8.95,0.0,0.0,0.0,82.0,96,69,270,300,18.1,27.1,0.0,0.0,0.0,0.0,0.0,0.0,0.0,0.0
2018-07-11,10.29,0.0,0.0,0.0,83.0,89,72,40,30,19.9,23.9,0.0,0.0,0.0,0.0,0.0,0.0,0.0,0.0
2018-07-12,6.71,0.0,0.0,0.0,77.0,86,70,140,150,14.1,17.0,0.0,0.0,0.0,0.0,0.0,0.0,0.0,0.0
2018-07-13,7.16,0.0,0.0,0.0,77.0,86,67,160,170,16.1,21.9,0.0,0.0,0.0,0.0,0.0,0.0,0.0,0.0
2018-07-14,10.51,0.06,0.0,0.0,80.0,93,67,340,320,31.1,38.0,0.0,0.0,1.0,0.0,0.0,0.0,0.0,0.0
2018-07-15,6.93,1.14,0.0,0.0,77.0,86,69,310,310,18.1,21.9,1.0,0.0,1.0,0.0,0.0,0.0,0.0,0.0
2018-07-16,8.5,0.0,0.0,0.0,82.0,94,72,200,200,16.1,21.9,0.0,0.0,0.0,0.0,0.0,0.0,0.0,0.0
2018-07-17,9.84,1.12,0.0,0.0,81.0,93,71,310,300,35.1,44.1,1.0,0.0,1.0,0.0,0.0,0.0,0.0,0.0
2018-07-18,12.08,0.0,0.0,0.0,77.0,88,69,330,320,21.0,32.0,0.0,0.0,0.0,0.0,0.0,0.0,0.0,0.0
2018-07-19,7.61,0.0,0.0,0.0,75.0,83,62,20,10,14.1,17.0,0.0,0.0,0.0,0.0,0.0,0.0,0.0,0.0
2018-07-20,6.71,0.0,0.0,0.0,75.0,82,67,160,140,16.1,21.0,0.0,0.0,0.0,0.0,0.0,0.0,0.0,0.0
2018-07-21,10.96,0.98,0.0,0.0,73.0,77,66,80,70,19.9,29.1,1.0,0.0,0.0,0.0,0.0,0.0,0.0,0.0
2018-07-22,13.2,0.6,0.0,0.0,74.0,81,71,100,90,28.0,42.1,1.0,0.0,0.0,0.0,0.0,0.0,0.0,0.0
2018-07-23,11.41,0.17,0.0,0.0,76.0,83,72,140,140,21.0,31.1,1.0,0.0,0.0,0.0,0.0,0.0,0.0,0.0
2018-07-24,12.53,0.0,0.0,0.0,78.0,83,74,150,140,21.0,29.1,0.0,0.0,0.0,0.0,0.0,0.0,0.0,0.0
2018-07-25,8.72,0.66,0.0,0.0,75.0,79,71,170,150,17.0,23.0,1.0,0.0,0.0,0.0,0.0,0.0,0.0,0.0
2018-07-26,8.72,0.01,0.0,0.0,76.0,88,70,250,250,15.0,19.9,0.0,0.0,0.0,0.0,0.0,0.0,0.0,0.0
2018-07-27,6.93,1.16,0.0,0.0,79.0,89,70,30,130,21.0,25.9,1.0,0.0,1.0,0.0,0.0,0.0,0.0,0.0
2018-07-28,4.7,0.0,0.0,0.0,76.0,88,66,230,250,16.1,23.0,1.0,0.0,0.0,0.0,0.0,0.0,0.0,0.0
2018-07-29,7.61,0.0,0.0,0.0,78.0,85,70,270,330,15.0,19.9,0.0,0.0,0.0,0.0,0.0,0.0,0.0,0.0
2018-07-30,5.14,0.0,0.0,0.0,76.0,81,66,170,140,12.1,16.1,0.0,0.0,0.0,0.0,0.0,0.0,0.0,0.0
2018-07-31,7.38,0.0,0.0,0.0,74.0,82,67,130,140,13.0,18.1,0.0,0.0,0.0,0.0,0.0,0.0,0.0,0.0
2018-08-01,12.3,0.09,0.0,0.0,79.0,89,75,240,240,23.0,30.0,1.0,0.0,1.0,0.0,0.0,0.0,0.0,0.0
2018-08-02,9.62,0.4,0.0,0.0,82.0,88,75,230,200,23.0,30.0,1.0,0.0,1.0,0.0,0.0,0.0,1.0,0.0
2018-08-03,7.38,0.54,0.0,0.0,78.0,87,72,240,240,23.0,31.1,1.0,0.0,1.0,0.0,0.0,0.0,1.0,0.0
2018-08-04,8.28,0.69,0.0,0.0,79.0,89,72,260,280,16.1,25.1,1.0,0.0,0.0,0.0,0.0,0.0,0.0,0.0
2018-08-05,5.82,0.0,0.0,0.0,83.0,94,71,260,260,14.1,19.9,0.0,0.0,0.0,0.0,0.0,0.0,0.0,0.0
2018-08-06,6.71,0.0,0.0,0.0,85.0,95,75,220,230,15.0,19.9,0.0,0.0,0.0,0.0,0.0,0.0,0.0,0.0
2018-08-07,8.5,0.13,0.0,0.0,84.0,93,76,340,340,30.0,35.1,0.0,0.0,1.0,0.0,0.0,0.0,1.0,0.0
2018-08-08,6.26,0.0,0.0,0.0,82.0,94,75,180,180,16.1,21.9,0.0,0.0,1.0,0.0,0.0,0.0,0.0,0.0
2018-08-09,9.62,0.01,0.0,0.0,83.0,91,76,320,300,21.0,27.1,1.0,0.0,1.0,0.0,0.0,0.0,0.0,0.0
2018-08-10,5.59,0.0,0.0,0.0,82.0,91,71,240,240,15.0,18.1,0.0,0.0,0.0,0.0,0.0,0.0,0.0,0.0
2018-08-11,4.7,1.26,0.0,0.0,76.0,80,71,290,290,25.1,31.1,1.0,0.0,1.0,0.0,0.0,0.0,1.0,0.0
2018-08-12,6.71,0.0,0.0,0.0,76.0,85,69,10,120,17.0,21.9,0.0,0.0,1.0,0.0,0.0,0.0,0.0,0.0
2018-08-13,7.38,0.72,0.0,0.0,74.0,77,70,20,40,16.1,21.0,1.0,0.0,0.0,0.0,0.0,0.0,0.0,0.0
2018-08-14,7.61,0.4,0.0,0.0,73.0,83,67,270,270,21.9,30.0,1.0,0.0,1.0,0.0,0.0,0.0,1.0,0.0
2018-08-15,10.29,0.0,0.0,0.0,77.0,90,69,270,270,18.1,23.0,0.0,0.0,0.0,0.0,0.0,0.0,0.0,0.0
2018-08-16,8.05,0.0,0.0,0.0,83.0,92,73,260,250,16.1,21.9,0.0,0.0,0.0,0.0,0.0,0.0,0.0,0.0
2018-08-17,8.95,0.61,0.0,0.0,84.0,90,73,280,280,28.0,34.0,1.0,0.0,1.0,0.0,0.0,0.0,0.0,0.0
2018-08-18,10.51,0.11,0.0,0.0,80.0,90,70,340,320,25.1,31.1,0.0,0.0,1.0,0.0,0.0,0.0,0.0,0.0
2018-08-19,10.07,0.0,0.0,0.0,71.0,73,68,50,50,18.1,25.1,1.0,0.0,0.0,0.0,0.0,0.0,0.0,0.0
2018-08-20,7.38,0.0,0.0,0.0,72.0,75,68,30,40,17.0,21.0,0.0,0.0,0.0,0.0,0.0,0.0,0.0,0.0
2018-08-21,8.28,0.11,0.0,0.0,72.0,77,69,130,180,15.0,21.0,1.0,0.0,0.0,0.0,0.0,0.0,0.0,0.0
2018-08-22,11.63,0.75,0.0,0.0,77.0,86,71,270,280,23.0,33.1,1.0,0.0,0.0,0.0,0.0,0.0,0.0,0.0
2018-08-23,11.41,0.0,0.0,0.0,74.0,81,66,320,320,23.0,32.0,0.0,0.0,0.0,0.0,0.0,0.0,0.0,0.0
2018-08-24,4.92,0.0,0.0,0.0,74.0,85,63,160,220,14.1,19.0,0.0,0.0,0.0,0.0,0.0,0.0,0.0,0.0
2018-08-25,4.92,0.0,0.0,0.0,74.0,80,66,160,150,13.0,17.0,0.0,0.0,0.0,0.0,0.0,0.0,0.0,0.0
2018-08-26,8.5,0.0,0.0,0.0,76.0,87,66,250,170,17.0,23.0,0.0,0.0,0.0,0.0,0.0,0.0,0.0,0.0
2018-08-27,6.71,0.0,0.0,0.0,81.0,92,71,230,240,14.1,19.0,0.0,0.0,0.0,0.0,0.0,0.0,0.0,0.0
2018-08-28,10.07,0.0,0.0,0.0,86.0,96,76,230,230,21.9,25.9,1.0,0.0,0.0,0.0,0.0,0.0,1.0,0.0
2018-08-29,10.51,0.0,0.0,0.0,88.0,96,78,240,220,21.0,27.1,1.0,0.0,0.0,0.0,0.0,0.0,0.0,0.0
2018-08-30,11.41,0.0,0.0,0.0,86.0,92,77,330,330,21.0,25.1,0.0,0.0,0.0,0.0,0.0,0.0,1.0,0.0
2018-08-31,9.84,0.05,0.0,0.0,77.0,79,72,100,120,16.1,21.9,0.0,0.0,0.0,0.0,0.0,0.0,0.0,0.0
2018-09-01,7.38,0.0,0.0,0.0,73.0,78,70,100,100,14.1,19.0,0.0,0.0,0.0,0.0,0.0,0.0,0.0,0.0
2018-09-02,4.92,0.0,0.0,0.0,75.0,82,68,160,170,12.1,15.0,0.0,0.0,0.0,0.0,0.0,0.0,0.0,0.0
2018-09-03,7.16,0.0,0.0,0.0,83.0,95,76,240,250,16.1,21.0,0.0,0.0,0.0,0.0,0.0,0.0,0.0,0.0
2018-09-04,6.71,0.0,0.0,0.0,86.0,95,78,330,280,13.0,21.0,0.0,0.0,0.0,0.0,0.0,0.0,0.0,0.0
2018-09-05,6.71,0.0,0.0,0.0,84.0,91,78,150,130,15.0,19.0,0.0,0.0,0.0,0.0,0.0,0.0,0.0,0.0
2018-09-06,8.5,0.07,0.0,0.0,85.0,98,76,340,340,29.1,35.1,1.0,0.0,1.0,0.0,0.0,0.0,1.0,0.0
2018-09-07,9.62,0.0,0.0,0.0,76.0,79,71,20,30,14.1,17.0,0.0,0.0,0.0,0.0,0.0,0.0,0.0,0.0
2018-09-08,13.42,0.01,0.0,0.0,70.0,72,59,30,20,21.0,23.9,0.0,0.0,0.0,0.0,0.0,0.0,0.0,0.0
2018-09-09,12.53,0.51,0.0,0.0,59.0,61,56,70,80,18.1,27.1,0.0,0.0,0.0,0.0,0.0,0.0,0.0,0.0
2018-09-10,11.86,0.69,0.0,0.0,59.0,63,55,50,60,21.0,27.1,1.0,0.0,0.0,0.0,0.0,0.0,0.0,0.0
2018-09-11,4.92,0.01,0.0,0.0,65.0,76,58,20,30,13.0,15.0,1.0,0.0,0.0,0.0,0.0,0.0,1.0,0.0
2018-09-12,5.82,0.23,0.0,0.0,74.0,79,71,30,30,10.1,13.0,1.0,0.0,0.0,0.0,0.0,0.0,0.0,0.0
2018-09-13,6.71,0.47,0.0,0.0,73.0,77,70,20,60,14.1,17.0,1.0,0.0,0.0,0.0,0.0,0.0,0.0,0.0
2018-09-14,5.82,0.05,0.0,0.0,72.0,76,69,30,40,12.1,15.0,1.0,0.0,0.0,0.0,0.0,0.0,0.0,0.0
2018-09-15,3.58,0.0,0.0,0.0,73.0,81,66,160,170,12.1,15.0,0.0,0.0,0.0,0.0,0.0,0.0,0.0,0.0
2018-09-16,3.58,0.0,0.0,0.0,74.0,84,64,170,180,13.0,15.0,0.0,0.0,0.0,0.0,0.0,0.0,0.0,0.0
2018-09-17,5.82,0.0,0.0,0.0,73.0,79,67,130,150,13.0,18.1,0.0,0.0,0.0,0.0,0.0,0.0,0.0,0.0
2018-09-18,9.4,0.46,0.0,0.0,76.0,81,71,220,230,19.9,25.9,1.0,0.0,1.0,0.0,0.0,0.0,0.0,0.0
2018-09-19,7.61,0.0,0.0,0.0,75.0,83,67,360,350,16.1,19.9,0.0,0.0,0.0,0.0,0.0,0.0,0.0,0.0
2018-09-20,6.49,0.01,0.0,0.0,69.0,74,66,140,150,10.1,15.0,0.0,0.0,0.0,0.0,0.0,0.0,0.0,0.0
2018-09-21,9.17,0.0,0.0,0.0,70.0,74,67,200,200,21.9,25.9,0.0,0.0,0.0,0.0,0.0,0.0,0.0,0.0
2018-09-22,11.63,0.0,0.0,0.0,71.0,75,61,350,330,23.9,30.0,0.0,0.0,0.0,0.0,0.0,0.0,0.0,0.0
2018-09-23,8.5,0.0,0.0,0.0,62.0,66,58,360,20,13.0,15.0,0.0,0.0,0.0,0.0,0.0,0.0,0.0,0.0
2018-09-24,12.75,0.0,0.0,0.0,63.0,71,56,90,100,21.0,29.1,0.0,0.0,0.0,0.0,0.0,0.0,0.0,0.0
2018-09-25,8.5,1.89,0.0,0.0,65.0,75,59,60,80,17.0,25.9,1.0,0.0,0.0,0.0,0.0,0.0,0.0,0.0
2018-09-26,9.62,0.02,0.0,0.0,76.0,84,69,290,270,28.0,35.1,1.0,0.0,1.0,0.0,0.0,0.0,0.0,0.0
2018-09-27,11.18,0.01,0.0,0.0,69.0,74,61,320,330,23.0,30.0,0.0,0.0,0.0,0.0,0.0,0.0,0.0,0.0
2018-09-28,9.84,1.21,0.0,0.0,62.0,65,55,360,360,23.0,29.1,1.0,0.0,0.0,0.0,0.0,0.0,0.0,0.0
2018-09-29,6.93,0.0,0.0,0.0,64.0,76,53,350,330,17.0,23.0,0.0,0.0,0.0,0.0,0.0,0.0,0.0,0.0
2018-09-30,6.71,0.0,0.0,0.0,62.0,70,53,10,10,15.0,18.1,0.0,0.0,0.0,0.0,0.0,0.0,0.0,0.0
2018-10-01,5.82,0.0,0.0,0.0,68.0,79,59,250,230,16.1,19.9,0.0,0.0,0.0,0.0,0.0,0.0,0.0,0.0
2018-10-02,7.61,0.46,0.0,0.0,72.0,79,64,320,310,23.9,30.0,1.0,0.0,1.0,0.0,0.0,0.0,0.0,0.0
2018-10-03,8.5,0.0,0.0,0.0,69.0,76,60,320,330,19.9,25.9,0.0,0.0,0.0,0.0,0.0,0.0,0.0,0.0
2018-10-04,5.14,0.0,0.0,0.0,67.0,79,58,340,330,15.0,21.0,0.0,0.0,0.0,0.0,0.0,0.0,0.0,0.0
2018-10-05,8.72,0.0,0.0,0.0,68.0,71,59,20,30,19.9,25.1,0.0,0.0,0.0,0.0,0.0,0.0,0.0,0.0
2018-10-06,6.04,0.01,0.0,0.0,65.0,67,63,200,190,14.1,18.1,1.0,0.0,0.0,0.0,0.0,0.0,0.0,0.0
2018-10-07,6.71,0.0,0.0,0.0,71.0,82,67,240,230,13.0,17.0,1.0,0.0,0.0,0.0,0.0,0.0,0.0,0.0
2018-10-08,7.16,0.0,0.0,0.0,69.0,71,64,110,110,13.0,18.1,1.0,0.0,0.0,0.0,0.0,0.0,0.0,0.0
2018-10-09,4.7,0.0,0.0,0.0,70.0,78,65,260,150,10.1,13.0,1.0,0.0,0.0,0.0,0.0,0.0,0.0,0.0
2018-10-10,6.93,0.0,0.0,0.0,73.0,81,70,150,160,14.1,18.1,0.0,0.0,0.0,0.0,0.0,0.0,0.0,0.0
2018-10-11,7.83,0.72,0.0,0.0,73.0,81,68,230,230,21.0,25.9,1.0,0.0,0.0,0.0,0.0,0.0,0.0,0.0
2018-10-12,16.55,0.33,0.0,0.0,63.0,68,51,330,320,32.0,42.9,1.0,0.0,0.0,0.0,0.0,0.0,0.0,0.0
2018-10-13,8.5,0.07,0.0,0.0,52.0,59,47,280,280,21.0,25.1,0.0,0.0,0.0,0.0,0.0,0.0,0.0,0.0
2018-10-14,5.82,0.0,0.0,0.0,51.0,58,43,250,250,13.0,19.0,0.0,0.0,0.0,0.0,0.0,0.0,0.0,0.0
2018-10-15,10.29,0.04,0.0,0.0,58.0,68,53,280,300,25.1,33.1,1.0,0.0,0.0,0.0,0.0,0.0,0.0,0.0
2018-10-16,11.86,0.0,0.0,0.0,56.0,59,45,320,320,23.9,30.0,0.0,0.0,0.0,0.0,0.0,0.0,0.0,0.0
2018-10-17,13.87,0.0,0.0,0.0,52.0,64,42,260,260,29.1,36.0,0.0,0.0,0.0,0.0,0.0,0.0,0.0,0.0
2018-10-18,12.08,0.0,0.0,0.0,48.0,53,40,310,320,25.1,33.1,0.0,0.0,0.0,0.0,0.0,0.0,0.0,0.0
2018-10-19,10.96,0.0,0.0,0.0,47.0,61,35,240,200,21.0,25.1,0.0,0.0,0.0,0.0,0.0,0.0,0.0,0.0
2018-10-20,11.41,0.06,0.0,0.0,57.0,63,49,260,250,19.9,25.1,0.0,0.0,0.0,0.0,0.0,0.0,0.0,0.0
2018-10-21,15.66,0.0,0.0,0.0,48.0,50,37,330,320,35.1,42.1,0.0,0.0,0.0,0.0,0.0,0.0,0.0,0.0
2018-10-22,8.5,0.0,0.0,0.0,43.0,54,34,220,240,15.0,23.0,0.0,0.0,0.0,0.0,0.0,0.0,0.0,0.0
2018-10-23,8.72,0.0,0.0,0.0,53.0,66,44,300,290,23.9,31.1,0.0,0.0,0.0,0.0,0.0,0.0,0.0,0.0
2018-10-24,14.32,0.0,0.0,0.0,50.0,56,44,320,340,28.0,36.9,0.0,0.0,0.0,0.0,0.0,0.0,1.0,0.0
2018-10-25,10.51,0.0,0.0,0.0,46.0,53,36,310,290,19.9,29.1,0.0,0.0,0.0,0.0,0.0,0.0,0.0,0.0
2018-10-26,5.82,0.01,0.0,0.0,43.0,50,36,70,80,16.1,21.9,0.0,0.0,0.0,0.0,0.0,0.0,0.0,0.0
2018-10-27,17.45,1.09,0.0,0.0,47.0,50,45,30,50,25.9,36.9,1.0,0.0,0.0,0.0,0.0,0.0,0.0,0.0
2018-10-28,9.62,0.02,0.0,0.0,49.0,54,45,250,250,17.0,27.1,1.0,0.0,0.0,0.0,0.0,0.0,0.0,0.0
2018-10-29,11.86,0.01,0.0,0.0,52.0,59,44,270,260,23.0,28.0,0.0,0.0,0.0,0.0,0.0,0.0,0.0,0.0
2018-10-30,9.84,0.0,0.0,0.0,48.0,58,39,310,290,21.9,32.0,0.0,0.0,0.0,0.0,0.0,0.0,0.0,0.0
2018-10-31,6.93,0.0,0.0,0.0,52.0,68,37,200,230,18.1,25.9,0.0,0.0,0.0,0.0,0.0,0.0,1.0,0.0
2018-11-01,6.71,0.0,0.0,0.0,62.0,73,52,190,190,18.1,25.9,0.0,0.0,0.0,0.0,0.0,0.0,0.0,0.0
2018-11-02,11.41,0.07,0.0,0.0,68.0,73,65,190,210,21.9,28.0,1.0,0.0,0.0,0.0,0.0,0.0,0.0,0.0
2018-11-03,15.21,0.43,0.0,0.0,59.0,67,46,260,270,36.9,44.1,1.0,0.0,0.0,0.0,0.0,0.0,1.0,0.0
2018-11-04,5.14,0.0,0.0,0.0,48.0,56,39,340,330,15.0,18.1,0.0,0.0,0.0,0.0,0.0,0.0,0.0,0.0
2018-11-05,9.84,0.29,0.0,0.0,51.0,54,49,20,70,17.0,25.1,1.0,0.0,0.0,0.0,0.0,0.0,1.0,0.0
2018-11-06,7.16,0.68,0.0,0.0,53.0,59,49,300,290,21.9,29.1,1.0,1.0,0.0,0.0,0.0,0.0,0.0,0.0
2018-11-07,12.75,0.0,0.0,0.0,56.0,63,45,240,240,23.0,29.1,0.0,0.0,0.0,0.0,0.0,0.0,0.0,0.0
2018-11-08,8.5,0.0,0.0,0.0,53.0,58,40,280,300,18.1,23.0,0.0,0.0,0.0,0.0,0.0,0.0,0.0,0.0
2018-11-09,8.95,0.97,0.0,0.0,45.0,52,36,50,90,17.0,23.0,1.0,0.0,0.0,0.0,0.0,0.0,0.0,0.0
2018-11-10,14.76,0.03,0.0,0.0,46.0,49,32,280,270,32.0,40.0,1.0,0.0,0.0,0.0,0.0,0.0,0.0,0.0
2018-11-11,7.83,0.0,0.0,0.0,38.0,48,28,320,320,18.1,21.0,0.0,0.0,0.0,0.0,0.0,0.0,0.0,0.0
2018-11-12,2.91,0.06,0.0,0.0,40.0,49,30,360,200,8.9,13.0,1.0,0.0,0.0,0.0,0.0,0.0,0.0,0.0
2018-11-13,12.3,0.9,0.0,0.0,46.0,50,43,320,290,21.9,32.0,1.0,0.0,0.0,0.0,0.0,0.0,0.0,0.0
2018-11-14,14.32,0.0,0.0,0.0,40.0,43,31,330,280,25.9,34.0,0.0,0.0,0.0,0.0,0.0,0.0,0.0,0.0
2018-11-15,13.87,1.06,6.4,0.0,31.0,40,28,60,50,30.0,42.1,1.0,0.0,0.0,1.0,0.0,1.0,0.0,0.0
2018-11-16,16.78,0.33,0.0,3.1,38.0,46,34,320,300,30.0,38.0,1.0,0.0,0.0,1.0,0.0,0.0,0.0,0.0
2018-11-17,10.74,0.0,0.0,0.0,42.0,49,34,270,270,21.9,25.1,0.0,0.0,0.0,0.0,0.0,0.0,0.0,0.0
2018-11-18,4.47,0.0,0.0,0.0,42.0,44,37,320,330,14.1,18.1,0.0,0.0,0.0,0.0,0.0,0.0,0.0,0.0
2018-11-19,3.58,0.0,0.0,0.0,44.0,52,37,20,300,10.1,17.0,1.0,0.0,0.0,0.0,0.0,0.0,1.0,0.0
2018-11-20,10.51,0.0,0.0,0.0,45.0,49,39,300,290,23.9,31.1,1.0,0.0,0.0,0.0,0.0,0.0,1.0,0.0
2018-11-21,15.21,0.0,0.0,0.0,40.0,47,27,250,270,28.0,36.9,0.0,0.0,0.0,0.0,1.0,0.0,0.0,0.0
2018-11-22,17.0,0.0,0.0,0.0,27.0,29,17,320,290,25.1,34.0,0.0,0.0,0.0,0.0,0.0,0.0,0.0,0.0
2018-11-23,7.38,0.0,0.0,0.0,22.0,33,13,250,250,14.1,17.0,0.0,0.0,0.0,0.0,0.0,0.0,0.0,0.0
2018-11-24,7.83,1.23,0.0,0.0,33.0,48,25,350,350,23.0,31.1,1.0,0.0,0.0,0.0,0.0,0.0,0.0,0.0
2018-11-25,10.29,0.76,0.0,0.0,49.0,58,45,350,350,28.0,33.1,1.0,0.0,0.0,0.0,0.0,0.0,0.0,0.0
2018-11-26,9.4,1.12,0.0,0.0,49.0,53,42,70,70,21.0,29.1,1.0,0.0,0.0,0.0,0.0,0.0,0.0,0.0
2018-11-27,17.45,0.02,0.0,0.0,43.0,45,35,270,270,32.0,38.9,1.0,0.0,0.0,0.0,0.0,0.0,0.0,0.0
2018-11-28,18.34,0.0,0.0,0.0,38.0,42,35,280,280,33.1,42.9,0.0,0.0,0.0,0.0,0.0,0.0,0.0,0.0
2018-11-29,14.99,0.0,0.0,0.0,42.0,47,37,330,320,25.9,35.1,0.0,0.0,0.0,0.0,0.0,0.0,0.0,0.0
2018-11-30,4.7,0.0,0.0,0.0,39.0,42,36,250,250,12.1,12.1,0.0,0.0,0.0,0.0,0.0,0.0,0.0,0.0
2018-12-01,4.92,0.06,0.0,0.0,40.0,46,32,30,100,10.1,13.0,1.0,0.0,0.0,0.0,0.0,0.0,0.0,0.0
2018-12-02,5.59,0.93,0.0,0.0,47.0,55,42,240,240,16.1,19.0,1.0,0.0,0.0,0.0,0.0,0.0,0.0,0.0
2018-12-03,12.97,0.0,0.0,0.0,53.0,55,45,260,270,23.9,33.1,1.0,0.0,0.0,0.0,0.0,0.0,0.0,0.0
2018-12-04,13.87,0.0,0.0,0.0,41.0,45,27,310,290,25.9,33.1,0.0,0.0,0.0,0.0,0.0,0.0,1.0,0.0
2018-12-05,8.72,0.0,0.0,0.0,30.0,37,24,20,30,16.1,19.0,0.0,0.0,0.0,0.0,0.0,0.0,0.0,0.0
2018-12-06,11.41,0.0,0.0,0.0,33.0,40,24,270,290,23.0,32.0,0.0,0.0,0.0,0.0,0.0,0.0,0.0,0.0
2018-12-07,12.53,0.0,0.0,0.0,36.0,40,26,320,290,21.9,31.1,0.0,0.0,0.0,0.0,0.0,0.0,0.0,0.0
2018-12-08,8.28,0.0,0.0,0.0,29.0,37,23,250,260,19.9,23.9,0.0,0.0,0.0,0.0,0.0,0.0,1.0,0.0
2018-12-09,3.58,0.0,0.0,0.0,30.0,36,25,250,260,8.9,12.1,0.0,0.0,0.0,0.0,0.0,0.0,0.0,0.0
2018-12-10,8.5,0.0,0.0,0.0,32.0,41,23,360,320,16.1,23.0,0.0,0.0,0.0,0.0,0.0,0.0,0.0,0.0
2018-12-11,6.71,0.0,0.0,0.0,32.0,42,23,290,290,14.1,18.1,0.0,0.0,0.0,0.0,0.0,0.0,1.0,0.0
2018-12-12,8.05,0.0,0.0,0.0,35.0,41,31,340,300,19.9,29.1,0.0,0.0,0.0,0.0,0.0,0.0,0.0,0.0
2018-12-13,10.29,0.0,0.0,0.0,35.0,38,32,20,10,15.0,19.0,0.0,0.0,0.0,0.0,0.0,0.0,0.0,0.0
2018-12-14,5.59,0.13,0.0,0.0,43.0,50,37,20,130,12.1,15.0,1.0,0.0,0.0,0.0,0.0,0.0,0.0,0.0
2018-12-15,9.17,0.15,0.0,0.0,49.0,51,47,50,50,23.0,33.1,1.0,0.0,0.0,0.0,0.0,0.0,0.0,0.0
2018-12-16,16.78,1.47,0.0,0.0,43.0,47,36,40,50,25.9,36.9,1.0,0.0,0.0,0.0,0.0,0.0,0.0,0.0
2018-12-17,14.99,0.0,0.0,0.0,41.0,49,38,300,290,33.1,44.1,0.0,0.0,0.0,0.0,0.0,0.0,1.0,0.0
2018-12-18,16.11,0.0,0.0,0.0,37.0,40,27,310,280,33.1,42.9,0.0,0.0,0.0,0.0,0.0,0.0,1.0,0.0
2018-12-19,6.26,0.0,0.0,0.0,32.0,44,25,230,310,14.1,18.1,0.0,0.0,0.0,0.0,0.0,0.0,0.0,0.0
2018-12-20,4.03,0.36,0.0,0.0,37.0,53,30,20,120,10.1,14.1,1.0,0.0,0.0,0.0,0.0,0.0,1.0,0.0
2018-12-21,10.51,1.37,0.0,0.0,54.0,61,50,130,150,25.1,36.0,1.0,1.0,0.0,0.0,0.0,0.0,0.0,0.0
2018-12-22,16.11,0.03,0.0,0.0,49.0,53,40,290,280,31.1,40.9,1.0,0.0,0.0,0.0,0.0,0.0,0.0,0.0
2018-12-23,8.95,0.0,0.0,0.0,41.0,45,36,300,280,23.0,33.1,0.0,0.0,0.0,0.0,0.0,0.0,0.0,0.0
2018-12-24,9.17,0.09,0.0,0.0,39.0,44,34,270,280,19.9,25.9,1.0,0.0,0.0,0.0,0.0,0.0,0.0,0.0
2018-12-25,10.07,0.0,0.0,0.0,36.0,42,29,340,340,19.9,23.9,0.0,0.0,0.0,0.0,0.0,0.0,0.0,0.0
2018-12-26,6.93,0.0,0.0,0.0,37.0,44,31,280,280,15.0,19.0,0.0,0.0,0.0,0.0,0.0,0.0,0.0,0.0
2018-12-27,6.93,0.0,0.0,0.0,40.0,45,34,340,130,15.0,19.0,0.0,0.0,0.0,0.0,0.0,0.0,0.0,0.0
2018-12-28,8.28,1.21,0.0,0.0,48.0,59,43,280,250,17.0,23.0,1.0,0.0,0.0,0.0,0.0,0.0,0.0,0.0
2018-12-29,13.42,0.0,0.0,0.0,52.0,56,39,320,320,25.1,33.1,0.0,0.0,0.0,0.0,0.0,0.0,0.0,0.0
2018-12-30,5.37,0.0,0.0,0.0,38.0,41,33,340,320,14.1,17.0,0.0,0.0,0.0,0.0,0.0,0.0,0.0,0.0
2018-12-31,4.47,1.29,0.0,0.0,38.0,46,32,140,120,15.0,21.9,1.0,0.0,0.0,0.0,0.0,0.0,0.0,0.0
2019-01-01,14.99,0.08,0.0,0.0,51.0,58,40,330,340,31.1,40.0,1.0,0.0,0.0,0.0,0.0,0.0,0.0,0.0
2019-01-02,7.16,0.0,0.0,0.0,39.0,41,35,340,330,17.0,21.0,0.0,0.0,0.0,0.0,0.0,0.0,0.0,0.0
2019-01-03,8.72,0.0,0.0,0.0,41.0,45,32,330,310,21.9,30.0,0.0,0.0,0.0,0.0,0.0,0.0,1.0,0.0
2019-01-04,7.61,0.0,0.0,0.0,37.0,46,29,240,240,19.9,25.1,0.0,0.0,0.0,0.0,0.0,0.0,0.0,0.0
2019-01-05,10.51,0.61,0.0,0.0,44.0,47,41,360,300,21.9,27.1,1.0,0.0,0.0,0.0,0.0,0.0,0.0,0.0
2019-01-06,14.99,0.0,0.0,0.0,44.0,51,31,330,290,30.0,42.9,0.0,0.0,0.0,0.0,0.0,0.0,0.0,0.0
2019-01-07,9.62,0.0,0.0,0.0,31.0,34,25,320,340,25.1,30.0,0.0,0.0,0.0,0.0,0.0,0.0,0.0,0.0
2019-01-08,2.46,0.15,0.0,0.0,37.0,44,34,270,280,15.0,19.0,1.0,0.0,1.0,0.0,0.0,0.0,0.0,0.0
2019-01-09,18.34,0.04,0.0,0.0,42.0,46,34,290,280,33.1,42.1,1.0,0.0,0.0,0.0,0.0,0.0,0.0,0.0
2019-01-10,19.91,0.0,0.0,0.0,33.0,36,29,300,290,33.1,42.9,0.0,0.0,0.0,0.0,0.0,0.0,0.0,0.0
2019-01-11,14.99,0.0,0.0,0.0,28.0,33,21,310,300,25.9,34.0,0.0,0.0,0.0,0.0,0.0,0.0,0.0,0.0
2019-01-12,6.26,0.0,0.0,0.0,26.0,35,20,300,300,13.0,16.1,0.0,0.0,0.0,0.0,0.0,0.0,0.0,0.0
2019-01-13,11.41,0.0,0.1,0.0,29.0,33,23,10,20,18.1,23.0,0.0,0.0,0.0,0.0,0.0,0.0,0.0,0.0
2019-01-14,10.51,0.0,0.0,0.0,26.0,34,20,20,20,18.1,21.9,0.0,0.0,0.0,0.0,0.0,0.0,0.0,0.0
2019-01-15,5.59,0.0,0.0,0.0,29.0,38,20,340,330,13.0,18.1,0.0,0.0,0.0,0.0,0.0,0.0,0.0,0.0
2019-01-16,10.29,0.0,0.0,0.0,31.0,39,23,320,320,18.1,25.1,0.0,0.0,0.0,0.0,0.0,0.0,0.0,0.0
2019-01-17,7.61,0.0,0.0,0.0,30.0,34,24,330,320,21.0,29.1,0.0,0.0,0.0,0.0,0.0,0.0,0.0,0.0
2019-01-18,6.93,0.02,0.3,0.0,32.0,38,27,250,250,12.1,17.0,1.0,0.0,0.0,0.0,0.0,0.0,1.0,0.0
2019-01-19,6.93,0.45,0.0,0.0,34.0,38,28,90,100,18.1,27.1,1.0,0.0,0.0,1.0,0.0,0.0,0.0,0.0
2019-01-20,16.33,1.07,0.0,0.0,35.0,41,13,290,330,33.1,42.9,1.0,1.0,0.0,0.0,0.0,0.0,0.0,0.0
2019-01-21,23.04,0.0,0.0,0.0,11.0,15,4,290,270,36.0,45.0,0.0,0.0,0.0,0.0,0.0,0.0,0.0,0.0
2019-01-22,8.5,0.0,0.0,0.0,18.0,32,13,310,300,25.1,30.0,0.0,0.0,0.0,0.0,0.0,0.0,0.0,0.0
2019-01-23,6.26,0.0,0.0,0.0,33.0,49,27,190,190,15.0,19.0,0.0,0.0,0.0,0.0,0.0,0.0,0.0,0.0
2019-01-24,16.55,0.98,0.0,0.0,53.0,59,35,310,280,29.1,38.0,1.0,0.0,0.0,0.0,0.0,0.0,0.0,0.0
2019-01-25,14.09,0.0,0.0,0.0,36.0,40,27,270,270,30.0,40.0,0.0,0.0,0.0,0.0,0.0,0.0,0.0,0.0
2019-01-26,6.49,0.0,0.0,0.0,29.0,36,21,240,260,17.0,21.0,0.0,0.0,0.0,0.0,0.0,0.0,0.0,0.0
2019-01-27,9.62,0.0,0.0,0.0,37.0,51,26,230,200,29.1,35.1,0.0,0.0,0.0,0.0,0.0,0.0,0.0,0.0
2019-01-28,10.74,0.0,0.0,0.0,32.0,38,22,340,340,18.1,23.0,0.0,0.0,0.0,0.0,0.0,0.0,0.0,0.0
2019-01-29,7.16,0.19,0.1,0.0,29.0,42,20,250,240,19.9,23.9,1.0,0.0,0.0,0.0,0.0,0.0,0.0,0.0
2019-01-30,17.45,0.2,0.4,0.0,28.0,34,5,270,260,40.0,50.1,1.0,0.0,0.0,0.0,0.0,0.0,1.0,0.0
2019-01-31,13.42,0.0,0.0,0.0,8.0,17,2,260,250,23.9,29.1,0.0,0.0,0.0,0.0,0.0,0.0,0.0,0.0
2019-02-01,6.93,0.0,0.0,0.0,15.0,22,10,270,280,13.0,16.1,0.0,0.0,0.0,0.0,0.0,0.0,0.0,0.0
2019-02-02,11.18,0.0,0.0,0.0,22.0,35,14,250,250,23.0,29.1,0.0,0.0,0.0,0.0,0.0,0.0,0.0,0.0
2019-02-03,6.26,0.0,0.0,0.0,36.0,53,24,230,320,12.1,15.0,0.0,0.0,0.0,0.0,0.0,0.0,0.0,0.0
2019-02-04,2.91,0.0,0.0,0.0,44.0,61,32,180,180,12.1,14.1,1.0,0.0,0.0,0.0,0.0,0.0,1.0,0.0
2019-02-05,6.71,0.0,0.0,0.0,49.0,68,37,350,350,23.0,29.1,0.0,0.0,0.0,0.0,0.0,0.0,1.0,0.0
2019-02-06,7.83,0.53,0.0,0.0,44.0,47,34,10,40,16.1,21.0,1.0,0.0,0.0,0.0,0.0,0.0,0.0,0.0
2019-02-07,7.61,0.07,0.0,0.0,41.0,45,39,360,20,16.1,19.9,1.0,0.0,0.0,0.0,0.0,0.0,0.0,0.0
2019-02-08,14.32,0.46,0.0,0.0,45.0,56,32,260,250,33.1,46.1,1.0,0.0,0.0,0.0,0.0,0.0,0.0,0.0
2019-02-09,17.22,0.0,0.0,0.0,31.0,34,24,330,330,32.0,40.9,0.0,0.0,0.0,0.0,0.0,0.0,0.0,0.0
2019-02-10,8.05,0.0,0.0,0.0,28.0,37,22,260,260,14.1,19.0,0.0,0.0,0.0,0.0,0.0,0.0,0.0,0.0
2019-02-11,6.93,0.0,0.0,0.0,34.0,38,29,20,30,14.1,16.1,0.0,0.0,0.0,0.0,0.0,0.0,0.0,0.0
2019-02-12,11.41,0.81,1.9,0.0,31.0,36,26,50,60,18.1,25.9,1.0,0.0,0.0,1.0,0.0,1.0,0.0,0.0
2019-02-13,15.21,0.06,0.0,1.2,36.0,42,33,280,270,32.0,42.9,1.0,0.0,0.0,0.0,0.0,0.0,0.0,0.0
2019-02-14,11.18,0.0,0.0,0.0,37.0,46,32,260,270,23.9,31.1,0.0,0.0,0.0,0.0,0.0,0.0,0.0,0.0
2019-02-15,8.72,0.0,0.0,0.0,48.0,63,40,200,200,21.9,27.1,0.0,0.0,0.0,0.0,0.0,0.0,0.0,0.0
2019-02-16,13.42,0.0,0.0,0.0,44.0,49,31,320,320,19.9,27.1,0.0,0.0,0.0,0.0,0.0,0.0,0.0,0.0
2019-02-17,7.61,0.05,0.0,0.0,32.0,36,22,350,320,18.1,21.9,1.0,0.0,0.0,1.0,0.0,0.0,0.0,0.0
2019-02-18,12.08,0.09,0.0,0.0,37.0,44,26,300,290,30.0,36.9,1.0,0.0,0.0,0.0,0.0,0.0,0.0,0.0
2019-02-19,11.41,0.0,0.0,0.0,29.0,37,23,330,320,21.0,25.9,0.0,0.0,0.0,0.0,0.0,0.0,0.0,0.0
2019-02-20,6.04,0.85,2.7,0.0,29.0,33,26,20,10,15.0,18.1,1.0,0.0,0.0,1.0,0.0,1.0,0.0,0.0
2019-02-21,10.29,0.12,0.0,1.2,38.0,52,32,270,260,19.9,23.9,1.0,0.0,0.0,0.0,0.0,1.0,0.0,0.0
2019-02-22,11.63,0.0,0.0,0.0,43.0,45,36,320,320,21.9,28.0,0.0,0.0,0.0,0.0,0.0,0.0,0.0,0.0
2019-02-23,6.71,0.02,0.0,0.0,36.0,40,31,20,10,13.0,15.0,1.0,0.0,0.0,0.0,0.0,0.0,0.0,0.0
2019-02-24,14.54,0.81,0.0,0.0,41.0,47,37,260,270,42.9,53.0,1.0,0.0,0.0,0.0,0.0,0.0,0.0,0.0
2019-02-25,28.19,0.0,0.0,0.0,41.0,43,28,270,270,46.1,57.9,0.0,0.0,0.0,0.0,0.0,0.0,0.0,0.0
2019-02-26,17.22,0.0,0.0,0.0,31.0,40,25,320,280,25.1,34.0,0.0,0.0,0.0,0.0,0.0,0.0,0.0,0.0
2019-02-27,8.05,0.0,0.0,0.0,27.0,31,24,350,340,19.9,23.9,0.0,0.0,0.0,0.0,0.0,0.0,0.0,0.0
2019-02-28,11.18,0.02,0.2,0.0,32.0,38,27,330,320,23.9,30.0,1.0,0.0,0.0,1.0,0.0,1.0,0.0,0.0
2019-03-01,8.28,0.05,0.8,1.2,31.0,36,25,30,340,15.0,19.9,1.0,0.0,0.0,0.0,1.0,0.0,0.0,0.0
2019-03-02,10.07,0.51,4.5,3.9,34.0,41,30,20,360,16.1,19.0,1.0,0.0,0.0,1.0,0.0,0.0,0.0,0.0
2019-03-03,6.26,0.66,3.1,1.2,38.0,42,32,150,160,14.1,18.1,1.0,0.0,0.0,0.0,0.0,0.0,0.0,0.0
2019-03-04,12.75,0.23,1.3,3.9,35.0,39,29,330,310,21.9,28.0,1.0,0.0,0.0,0.0,0.0,0.0,0.0,0.0
2019-03-05,12.08,0.0,0.0,0.0,27.0,31,21,240,290,21.0,25.9,0.0,0.0,0.0,0.0,0.0,0.0,0.0,0.0
2019-03-06,14.32,0.0,0.0,0.0,24.0,27,18,270,280,25.1,34.0,0.0,0.0,0.0,0.0,0.0,0.0,0.0,0.0
2019-03-07,10.07,0.0,0.0,0.0,24.0,32,15,260,270,23.0,30.0,0.0,0.0,0.0,0.0,0.0,0.0,0.0,0.0
2019-03-08,4.7,0.0,0.0,0.0,29.0,39,20,160,160,12.1,17.0,0.0,0.0,0.0,0.0,0.0,0.0,0.0,0.0
2019-03-09,5.82,0.0,0.0,0.0,39.0,49,33,100,100,12.1,16.1,0.0,0.0,0.0,0.0,0.0,0.0,0.0,0.0
2019-03-10,9.17,0.77,0.2,0.0,39.0,42,36,100,90,19.9,29.1,1.0,0.0,0.0,1.0,0.0,0.0,0.0,0.0
2019-03-11,14.99,0.0,0.0,0.0,46.0,55,39,330,330,32.0,38.9,0.0,0.0,0.0,0.0,0.0,0.0,0.0,0.0
2019-03-12,14.09,0.0,0.0,0.0,41.0,45,34,340,320,25.1,32.0,0.0,0.0,0.0,0.0,0.0,0.0,0.0,0.0
2019-03-13,5.14,0.0,0.0,0.0,38.0,47,28,130,130,14.1,18.1,0.0,0.0,0.0,0.0,0.0,0.0,0.0,0.0
2019-03-14,5.37,0.0,0.0,0.0,46.0,54,42,120,100,13.0,18.1,0.0,0.0,0.0,0.0,0.0,0.0,0.0,0.0
2019-03-15,12.75,0.52,0.0,0.0,59.0,77,45,220,250,28.0,36.9,1.0,0.0,1.0,0.0,0.0,0.0,0.0,0.0
2019-03-16,17.67,0.0,0.0,0.0,52.0,56,37,280,310,30.0,36.9,0.0,0.0,0.0,0.0,0.0,0.0,0.0,0.0
2019-03-17,9.62,0.0,0.0,0.0,39.0,46,30,280,270,19.9,25.9,0.0,0.0,0.0,0.0,0.0,0.0,0.0,0.0
2019-03-18,5.82,0.0,0.0,0.0,38.0,47,30,330,270,15.0,19.9,0.0,0.0,0.0,0.0,0.0,0.0,0.0,0.0
2019-03-19,6.26,0.0,0.0,0.0,41.0,51,29,270,270,18.1,23.0,0.0,0.0,0.0,0.0,0.0,0.0,0.0,0.0
2019-03-20,6.26,0.0,0.0,0.0,42.0,52,34,160,160,16.1,25.1,0.0,0.0,0.0,0.0,0.0,0.0,0.0,0.0
2019-03-21,9.4,1.0,0.0,0.0,45.0,48,42,20,30,21.9,28.0,1.0,0.0,0.0,0.0,0.0,0.0,0.0,0.0
2019-03-22,20.58,0.43,0.0,0.0,44.0,50,38,280,280,35.1,44.1,1.0,0.0,0.0,0.0,0.0,0.0,0.0,0.0
2019-03-23,20.36,0.0,0.0,0.0,41.0,50,34,270,310,32.0,46.1,0.0,0.0,0.0,0.0,0.0,0.0,0.0,0.0
2019-03-24,10.74,0.0,0.0,0.0,46.0,62,31,240,230,21.9,27.1,0.0,0.0,0.0,0.0,0.0,0.0,0.0,0.0
2019-03-25,10.07,0.0,0.0,0.0,52.0,54,42,350,360,21.0,27.1,0.0,0.0,0.0,0.0,0.0,0.0,0.0,0.0
2019-03-26,14.54,0.0,0.0,0.0,42.0,50,32,20,10,23.9,30.0,0.0,0.0,0.0,0.0,0.0,0.0,0.0,0.0
2019-03-27,7.61,0.0,0.0,0.0,39.0,46,30,360,350,17.0,21.0,0.0,0.0,0.0,0.0,0.0,0.0,0.0,0.0
2019-03-28,6.26,0.0,0.0,0.0,41.0,52,32,110,100,17.0,21.0,0.0,0.0,0.0,0.0,0.0,0.0,0.0,0.0
2019-03-29,6.49,0.0,0.0,0.0,51.0,58,46,240,250,14.1,18.1,0.0,0.0,0.0,0.0,0.0,0.0,0.0,0.0
2019-03-30,8.72,0.0,0.0,0.0,58.0,71,50,180,150,19.9,25.9,0.0,0.0,0.0,0.0,0.0,0.0,0.0,0.0
2019-03-31,14.09,0.03,0.0,0.0,56.0,65,39,330,330,28.0,36.0,0.0,0.0,0.0,0.0,0.0,0.0,0.0,0.0
2019-04-01,15.43,0.0,0.0,0.0,40.0,48,32,290,300,28.0,35.1,0.0,0.0,0.0,0.0,0.0,0.0,0.0,0.0
2019-04-02,7.61,0.0,0.0,0.0,43.0,50,35,130,140,18.1,23.9,0.0,0.0,0.0,0.0,0.0,0.0,0.0,0.0
2019-04-03,18.34,0.0,0.0,0.0,51.0,67,40,250,260,36.0,45.0,0.0,0.0,0.0,0.0,0.0,0.0,0.0,0.0
2019-04-04,13.42,0.0,0.0,0.0,53.0,62,41,280,270,23.0,33.1,0.0,0.0,0.0,0.0,0.0,0.0,0.0,0.0
2019-04-05,8.95,0.17,0.0,0.0,43.0,43,39,20,30,16.1,19.9,1.0,0.0,0.0,0.0,0.0,0.0,0.0,0.0
2019-04-06,8.05,0.0,0.0,0.0,49.0,69,39,350,330,19.9,25.1,1.0,0.0,0.0,0.0,0.0,0.0,0.0,0.0
2019-04-07,5.82,0.0,0.0,0.0,57.0,63,46,140,110,15.0,19.9,0.0,0.0,0.0,0.0,0.0,0.0,0.0,0.0
2019-04-08,10.29,0.26,0.0,0.0,63.0,80,51,250,250,23.9,32.0,1.0,0.0,0.0,0.0,0.0,0.0,0.0,0.0
2019-04-09,6.49,0.02,0.0,0.0,53.0,52,45,160,150,14.1,19.0,1.0,0.0,0.0,0.0,0.0,0.0,1.0,0.0
2019-04-10,13.2,0.0,0.0,0.0,52.0,61,44,330,290,23.0,35.1,0.0,0.0,0.0,0.0,0.0,0.0,0.0,0.0
2019-04-11,7.38,0.0,0.0,0.0,45.0,52,38,20,30,17.0,21.9,0.0,0.0,0.0,0.0,0.0,0.0,0.0,0.0
2019-04-12,7.38,0.57,0.0,0.0,53.0,70,46,190,180,21.9,28.0,1.0,0.0,0.0,0.0,0.0,0.0,1.0,0.0
2019-04-13,11.41,0.17,0.0,0.0,66.0,79,61,190,240,21.0,29.1,1.0,0.0,0.0,0.0,0.0,0.0,0.0,0.0
2019-04-14,5.37,0.02,0.0,0.0,65.0,72,56,170,160,14.1,18.1,1.0,1.0,0.0,0.0,0.0,0.0,1.0,0.0
2019-04-15,19.01,1.0,0.0,0.0,60.0,70,46,280,290,38.0,50.1,1.0,0.0,1.0,0.0,0.0,0.0,0.0,0.0
2019-04-16,15.21,0.0,0.0,0.0,52.0,67,37,280,280,25.1,34.0,0.0,0.0,0.0,0.0,0.0,0.0,0.0,0.0
2019-04-17,8.05,0.0,0.0,0.0,54.0,60,49,150,170,15.0,19.0,0.0,0.0,0.0,0.0,0.0,0.0,0.0,0.0
2019-04-18,8.05,0.0,0.0,0.0,54.0,64,51,110,110,14.1,21.0,1.0,0.0,0.0,0.0,0.0,0.0,1.0,0.0
2019-04-19,16.11,0.07,0.0,0.0,68.0,80,63,180,200,25.1,33.1,1.0,0.0,0.0,0.0,0.0,0.0,0.0,0.0
2019-04-20,9.62,0.51,0.0,0.0,65.0,69,53,190,190,25.9,34.0,1.0,0.0,1.0,0.0,0.0,0.0,0.0,0.0
2019-04-21,7.16,0.0,0.0,0.0,57.0,64,52,90,120,16.1,23.0,0.0,0.0,0.0,0.0,0.0,0.0,0.0,0.0
2019-04-22,9.62,0.09,0.0,0.0,58.0,65,50,340,330,21.0,27.1,1.0,0.0,0.0,0.0,0.0,0.0,0.0,0.0
2019-04-23,7.38,0.01,0.0,0.0,64.0,78,56,200,120,17.0,21.0,0.0,0.0,0.0,0.0,0.0,0.0,0.0,0.0
2019-04-24,11.63,0.0,0.0,0.0,67.0,71,55,300,300,23.9,31.1,0.0,0.0,0.0,0.0,0.0,0.0,0.0,0.0
2019-04-25,6.49,0.02,0.0,0.0,57.0,63,46,20,140,14.1,18.1,0.0,0.0,0.0,0.0,0.0,0.0,0.0,0.0
2019-04-26,9.17,0.81,0.0,0.0,56.0,62,52,300,290,25.1,31.1,1.0,0.0,1.0,0.0,0.0,0.0,0.0,0.0
2019-04-27,19.01,0.02,0.0,0.0,56.0,63,47,270,270,36.9,52.1,0.0,0.0,0.0,0.0,0.0,0.0,0.0,0.0
2019-04-28,9.17,0.0,0.0,0.0,51.0,56,45,320,320,19.9,28.0,0.0,0.0,0.0,0.0,0.0,0.0,0.0,0.0
2019-04-29,8.05,0.01,0.0,0.0,49.0,59,37,130,140,16.1,21.0,1.0,0.0,0.0,0.0,0.0,0.0,0.0,0.0
2019-04-30,4.7,0.02,0.0,0.0,54.0,64,49,50,100,12.1,16.1,1.0,0.0,0.0,0.0,0.0,0.0,0.0,0.0
2019-05-01,6.04,0.01,0.0,0.0,54.0,55,50,120,110,13.0,21.0,1.0,0.0,0.0,0.0,0.0,0.0,0.0,0.0
2019-05-02,6.49,0.14,0.0,0.0,58.0,78,51,100,140,18.1,23.9,1.0,0.0,0.0,0.0,0.0,0.0,1.0,0.0
2019-05-03,4.25,0.01,0.0,0.0,53.0,57,50,60,90,10.1,13.0,1.0,0.0,1.0,0.0,0.0,0.0,1.0,0.0
2019-05-04,4.03,0.07,0.0,0.0,59.0,70,54,130,130,13.0,17.0,1.0,0.0,1.0,0.0,0.0,0.0,1.0,0.0
2019-05-05,9.84,1.53,0.0,0.0,56.0,58,52,40,40,19.9,25.9,1.0,0.0,0.0,0.0,0.0,0.0,0.0,0.0
2019-05-06,7.83,0.0,0.0,0.0,58.0,72,52,40,30,18.1,23.9,0.0,0.0,0.0,0.0,0.0,0.0,0.0,0.0
2019-05-07,6.71,0.18,0.0,0.0,62.0,75,54,10,10,18.1,21.9,1.0,0.0,1.0,0.0,0.0,0.0,0.0,0.0
2019-05-08,7.61,0.0,0.0,0.0,63.0,71,56,10,10,18.1,21.9,0.0,0.0,0.0,0.0,0.0,0.0,0.0,0.0
2019-05-09,10.07,0.0,0.0,0.0,57.0,59,55,90,100,17.0,23.0,0.0,0.0,0.0,0.0,0.0,0.0,0.0,0.0
2019-05-10,8.95,0.03,0.0,0.0,63.0,79,55,220,220,23.0,28.0,1.0,0.0,0.0,0.0,0.0,0.0,0.0,0.0
2019-05-11,9.17,0.03,0.0,0.0,65.0,71,57,340,310,21.0,25.1,0.0,0.0,0.0,0.0,0.0,0.0,0.0,0.0
2019-05-12,12.75,1.48,0.0,0.0,53.0,59,44,70,60,23.0,30.0,1.0,0.0,0.0,0.0,0.0,0.0,0.0,0.0
2019-05-13,8.95,0.84,0.0,0.0,46.0,50,43,70,70,18.1,23.0,1.0,0.0,0.0,0.0,0.0,0.0,0.0,0.0
2019-05-14,6.49,0.28,0.0,0.0,48.0,52,44,310,340,16.1,21.9,1.0,0.0,0.0,0.0,0.0,0.0,0.0,0.0
2019-05-15,10.51,0.01,0.0,0.0,56.0,72,45,260,300,19.9,27.1,0.0,0.0,0.0,0.0,0.0,0.0,0.0,0.0
2019-05-16,6.49,0.04,0.0,0.0,64.0,75,52,270,270,18.1,21.9,0.0,0.0,0.0,0.0,0.0,0.0,0.0,0.0
2019-05-17,10.74,0.02,0.0,0.0,69.0,80,56,220,220,19.9,23.9,0.0,0.0,0.0,0.0,0.0,0.0,0.0,0.0
2019-05-18,8.28,0.0,0.0,0.0,68.0,78,58,330,320,18.1,23.9,0.0,0.0,0.0,0.0,0.0,0.0,0.0,0.0
2019-05-19,8.72,0.06,0.0,0.0,68.0,84,59,190,190,21.0,25.9,0.0,0.0,1.0,0.0,0.0,0.0,0.0,0.0
2019-05-20,14.09,0.0,0.0,0.0,78.0,89,68,240,260,32.0,38.9,0.0,0.0,1.0,0.0,0.0,0.0,0.0,0.0
2019-05-21,17.45,0.0,0.0,0.0,68.0,74,58,330,320,31.1,38.9,0.0,0.0,0.0,0.0,0.0,0.0,0.0,0.0
2019-05-22,7.83,0.0,0.0,0.0,66.0,77,55,350,310,17.0,23.9,0.0,0.0,0.0,0.0,0.0,0.0,0.0,0.0
2019-05-23,9.4,0.51,0.0,0.0,65.0,75,56,300,300,23.0,28.0,1.0,0.0,1.0,0.0,0.0,0.0,0.0,0.0
2019-05-24,17.67,0.0,0.0,0.0,71.0,78,60,320,320,33.1,46.1,0.0,0.0,0.0,0.0,0.0,0.0,0.0,0.0
2019-05-25,9.62,0.0,0.0,0.0,64.0,70,57,160,150,18.1,23.9,0.0,0.0,0.0,0.0,0.0,0.0,0.0,0.0
2019-05-26,10.51,0.2,0.0,0.0,71.0,90,61,230,230,25.9,33.1,0.0,0.0,0.0,0.0,0.0,0.0,0.0,0.0
2019-05-27,8.5,0.0,0.0,0.0,74.0,82,64,320,320,21.0,25.9,0.0,0.0,0.0,0.0,0.0,0.0,0.0,0.0
2019-05-28,5.37,0.77,0.0,0.0,69.0,76,63,200,210,21.9,27.1,1.0,0.0,1.0,0.0,0.0,0.0,0.0,0.0
2019-05-29,7.16,0.58,0.0,0.0,68.0,75,58,30,100,16.1,19.0,1.0,0.0,1.0,0.0,0.0,0.0,0.0,0.0
2019-05-30,5.59,0.52,0.0,0.0,61.0,68,58,120,120,14.1,18.1,1.0,1.0,1.0,0.0,0.0,0.0,0.0,0.0
2019-05-31,8.28,0.0,0.0,0.0,71.0,83,63,240,250,16.1,19.9,1.0,0.0,0.0,0.0,0.0,0.0,0.0,0.0
2019-06-01,5.82,0.0,0.0,0.0,72.0,79,63,160,160,14.1,18.1,0.0,0.0,0.0,0.0,0.0,0.0,0.0,0.0
2019-06-02,8.5,0.39,0.0,0.0,73.0,83,64,240,230,32.0,42.1,1.0,0.0,1.0,0.0,0.0,0.0,0.0,0.0
2019-06-03,12.75,0.0,0.0,0.0,67.0,73,57,320,340,25.1,31.1,0.0,0.0,0.0,0.0,0.0,0.0,0.0,0.0
2019-06-04,9.17,0.0,0.0,0.0,64.0,74,52,250,260,19.9,27.1,0.0,0.0,0.0,0.0,0.0,0.0,0.0,0.0
2019-06-05,12.3,0.0,0.0,0.0,71.0,84,63,210,200,21.9,29.1,1.0,0.0,0.0,0.0,0.0,0.0,0.0,0.0
2019-06-06,10.51,0.13,0.0,0.0,78.0,87,70,220,230,21.9,29.1,1.0,0.0,0.0,0.0,0.0,0.0,0.0,0.0
2019-06-07,5.82,0.0,0.0,0.0,74.0,81,65,170,170,13.0,16.1,0.0,0.0,0.0,0.0,0.0,0.0,0.0,0.0
2019-06-08,8.28,0.0,0.0,0.0,71.0,81,63,40,40,18.1,25.1,0.0,0.0,0.0,0.0,0.0,0.0,0.0,0.0
2019-06-09,9.84,0.0,0.0,0.0,69.0,77,58,110,140,17.0,23.0,0.0,0.0,0.0,0.0,0.0,0.0,0.0,0.0
2019-06-10,7.61,0.79,0.0,0.0,65.0,69,60,50,50,14.1,17.0,1.0,1.0,0.0,0.0,0.0,0.0,0.0,0.0
2019-06-11,13.87,0.18,0.0,0.0,71.0,80,65,330,330,28.0,36.0,1.0,0.0,0.0,0.0,0.0,0.0,0.0,0.0
2019-06-12,8.95,0.0,0.0,0.0,68.0,74,58,160,160,16.1,25.1,0.0,0.0,0.0,0.0,0.0,0.0,0.0,0.0
2019-06-13,9.17,0.65,0.0,0.0,64.0,68,57,50,50,21.9,30.0,1.0,0.0,0.0,0.0,0.0,0.0,0.0,0.0
2019-06-14,13.87,0.0,0.0,0.0,66.0,77,59,260,250,29.1,35.1,0.0,0.0,0.0,0.0,0.0,0.0,0.0,0.0
2019-06-15,11.86,0.0,0.0,0.0,71.0,84,56,230,200,25.1,38.9,0.0,0.0,0.0,0.0,0.0,0.0,0.0,0.0
2019-06-16,10.07,0.0,0.0,0.0,75.0,84,68,230,240,21.9,27.1,0.0,0.0,0.0,0.0,0.0,0.0,0.0,0.0
2019-06-17,4.47,0.01,0.0,0.0,74.0,77,69,10,360,15.0,18.1,0.0,0.0,0.0,0.0,0.0,0.0,0.0,0.0
2019-06-18,3.8,1.23,0.0,0.0,71.0,76,68,350,350,10.1,13.0,1.0,0.0,1.0,0.0,0.0,0.0,0.0,0.0
2019-06-19,5.37,0.13,0.0,0.0,69.0,71,67,110,100,8.9,13.0,1.0,0.0,0.0,0.0,0.0,0.0,0.0,0.0
2019-06-20,5.82,0.76,0.0,0.0,70.0,81,66,240,250,12.1,16.1,1.0,0.0,1.0,0.0,0.0,0.0,1.0,0.0
2019-06-21,12.75,0.67,0.0,0.0,73.0,81,66,330,340,25.1,34.0,1.0,0.0,0.0,0.0,0.0,0.0,0.0,0.0
2019-06-22,14.76,0.0,0.0,0.0,73.0,83,62,310,280,25.1,35.1,0.0,0.0,0.0,0.0,0.0,0.0,0.0,0.0
2019-06-23,10.29,0.0,0.0,0.0,75.0,87,61,260,300,21.0,25.9,0.0,0.0,0.0,0.0,0.0,0.0,0.0,0.0
2019-06-24,5.82,0.0,0.0,0.0,78.0,87,62,230,230,16.1,19.0,0.0,0.0,0.0,0.0,0.0,0.0,0.0,0.0
2019-06-25,7.61,0.74,0.0,0.0,78.0,88,71,260,260,16.1,19.9,1.0,0.0,1.0,0.0,0.0,0.0,0.0,0.0
2019-06-26,8.5,0.0,0.0,0.0,82.0,91,70,260,280,16.1,23.0,0.0,0.0,0.0,0.0,0.0,0.0,0.0,0.0
2019-06-27,6.93,0.0,0.0,0.0,83.0,91,71,320,310,17.0,25.1,0.0,0.0,0.0,0.0,0.0,0.0,0.0,0.0
2019-06-28,6.49,0.0,0.0,0.0,83.0,90,71,200,170,13.0,16.1,0.0,0.0,0.0,0.0,0.0,0.0,0.0,0.0
2019-06-29,10.29,0.32,0.0,0.0,81.0,93,71,250,240,46.1,53.9,1.0,0.0,1.0,0.0,0.0,0.0,0.0,0.0
2019-06-30,15.88,0.0,0.0,0.0,78.0,87,70,350,340,36.0,42.1,0.0,0.0,0.0,0.0,0.0,0.0,0.0,0.0
2019-07-01,9.62,0.0,0.0,0.0,76.0,88,66,240,270,17.0,25.1,0.0,0.0,0.0,0.0,0.0,0.0,0.0,0.0
2019-07-02,8.72,0.0,0.0,0.0,80.0,90,67,260,270,17.0,23.0,0.0,0.0,0.0,0.0,0.0,0.0,0.0,0.0
2019-07-03,4.47,0.0,0.0,0.0,82.0,87,77,330,330,12.1,14.1,0.0,0.0,0.0,0.0,0.0,0.0,0.0,0.0
2019-07-04,5.82,0.0,0.0,0.0,82.0,89,74,160,160,14.1,19.0,0.0,0.0,0.0,0.0,0.0,0.0,0.0,0.0
2019-07-05,6.49,0.0,0.0,0.0,78.0,83,74,160,170,15.0,19.0,0.0,0.0,0.0,0.0,0.0,0.0,0.0,0.0
2019-07-06,8.28,0.03,0.0,0.0,81.0,92,77,230,230,25.1,32.0,0.0,0.0,1.0,0.0,0.0,0.0,0.0,0.0
2019-07-07,9.17,0.0,0.0,0.0,79.0,87,72,130,140,17.0,23.0,0.0,0.0,0.0,0.0,0.0,0.0,0.0,0.0
2019-07-08,4.47,0.03,0.0,0.0,74.0,80,69,200,270,10.1,13.0,1.0,0.0,0.0,0.0,0.0,0.0,0.0,0.0
2019-07-09,7.61,0.0,0.0,0.0,78.0,91,67,290,250,16.1,19.9,0.0,0.0,0.0,0.0,0.0,0.0,0.0,0.0
2019-07-10,8.05,0.0,0.0,0.0,83.0,92,72,200,270,17.0,21.9,0.0,0.0,0.0,0.0,0.0,0.0,0.0,0.0
2019-07-11,7.83,1.48,0.0,0.0,80.0,86,72,160,160,15.0,23.0,1.0,0.0,1.0,0.0,0.0,0.0,0.0,0.0
2019-07-12,10.96,0.0,0.0,0.0,79.0,90,71,330,320,21.9,29.1,0.0,0.0,0.0,0.0,0.0,0.0,0.0,0.0
2019-07-13,8.95,0.0,0.0,0.0,80.0,89,71,260,260,16.1,23.0,0.0,0.0,0.0,0.0,0.0,0.0,0.0,0.0
2019-07-14,11.41,0.0,0.0,0.0,83.0,92,72,280,280,19.9,27.1,0.0,0.0,0.0,0.0,0.0,0.0,0.0,0.0
2019-07-15,8.5,0.0,0.0,0.0,80.0,89,70,260,280,16.1,21.9,0.0,0.0,0.0,0.0,0.0,0.0,0.0,0.0
2019-07-16,8.95,0.0,0.0,0.0,83.0,93,72,250,250,18.1,23.0,0.0,0.0,0.0,0.0,0.0,0.0,1.0,0.0
2019-07-17,8.72,0.96,0.0,0.0,87.0,97,74,310,320,38.0,47.0,1.0,0.0,1.0,0.0,0.0,0.0,0.0,0.0
2019-07-18,6.71,0.33,0.0,0.0,78.0,84,72,30,30,14.1,16.1,1.0,0.0,1.0,0.0,0.0,0.0,0.0,0.0
2019-07-19,8.5,0.0,0.0,0.0,80.0,95,72,250,250,19.9,25.1,0.0,0.0,0.0,0.0,0.0,0.0,0.0,0.0
2019-07-20,10.29,0.0,0.0,0.0,90.0,98,80,240,230,21.0,30.0,0.0,0.0,0.0,0.0,0.0,0.0,0.0,0.0
2019-07-21,11.86,0.0,0.0,0.0,91.0,99,80,290,240,21.0,28.0,0.0,0.0,1.0,0.0,0.0,0.0,0.0,0.0
2019-07-22,6.71,1.78,0.0,0.0,83.0,89,73,20,360,21.9,25.1,1.0,0.0,1.0,0.0,0.0,0.0,0.0,0.0
2019-07-23,9.4,0.6,0.0,0.0,73.0,76,67,350,350,18.1,21.9,1.0,0.0,0.0,0.0,0.0,0.0,0.0,0.0
2019-07-24,6.71,0.01,0.0,0.0,75.0,86,68,20,50,14.1,18.1,0.0,0.0,0.0,0.0,0.0,0.0,0.0,0.0
2019-07-25,6.71,0.0,0.0,0.0,78.0,87,69,290,290,15.0,19.9,0.0,0.0,0.0,0.0,0.0,0.0,0.0,0.0
2019-07-26,5.82,0.0,0.0,0.0,78.0,87,67,170,170,12.1,15.0,0.0,0.0,0.0,0.0,0.0,0.0,0.0,0.0
2019-07-27,6.26,0.0,0.0,0.0,79.0,88,71,200,200,17.0,21.9,0.0,0.0,0.0,0.0,0.0,0.0,0.0,0.0
2019-07-28,9.4,0.0,0.0,0.0,81.0,92,71,300,290,25.1,33.1,0.0,0.0,1.0,0.0,0.0,0.0,0.0,0.0
2019-07-29,7.61,0.0,0.0,0.0,83.0,94,72,250,250,18.1,23.0,0.0,0.0,0.0,0.0,0.0,0.0,0.0,0.0
2019-07-30,8.72,0.0,0.0,0.0,86.0,95,75,100,100,21.0,27.1,0.0,0.0,1.0,0.0,0.0,0.0,0.0,0.0
2019-07-31,4.92,1.6,0.0,0.0,80.0,89,70,180,190,30.0,38.0,1.0,0.0,1.0,0.0,0.0,0.0,0.0,0.0
2019-08-01,6.04,0.0,0.0,0.0,78.0,89,70,30,20,13.0,15.0,0.0,0.0,0.0,0.0,0.0,0.0,0.0,0.0
2019-08-02,6.49,0.0,0.0,0.0,79.0,85,73,160,150,13.0,17.0,0.0,0.0,0.0,0.0,0.0,0.0,0.0,0.0
2019-08-03,6.04,0.23,0.0,0.0,79.0,85,71,20,20,33.1,45.0,1.0,0.0,1.0,0.0,0.0,0.0,0.0,0.0
2019-08-04,6.26,0.5,0.0,0.0,79.0,91,70,360,360,33.1,40.9,1.0,0.0,1.0,0.0,0.0,0.0,0.0,0.0
2019-08-05,6.71,0.0,0.0,0.0,75.0,81,69,10,360,14.1,17.0,0.0,0.0,0.0,0.0,0.0,0.0,0.0,0.0
2019-08-06,6.04,0.31,0.0,0.0,76.0,82,72,150,150,14.1,19.0,1.0,0.0,1.0,0.0,0.0,0.0,1.0,0.0
2019-08-07,6.93,1.54,0.0,0.0,76.0,84,69,110,120,25.1,45.0,1.0,0.0,1.0,0.0,0.0,0.0,0.0,0.0
2019-08-08,,0.0,0.0,0.0,75.0,87,68,330,320,31.1,40.0,0.0,0.0,0.0,0.0,0.0,0.0,0.0,0.0
2019-08-09,8.28,0.0,0.0,0.0,75.0,86,67,320,320,25.1,30.0,0.0,0.0,1.0,0.0,0.0,0.0,0.0,0.0
2019-08-10,11.41,0.0,0.0,0.0,76.0,84,65,280,280,25.1,34.0,0.0,0.0,0.0,0.0,0.0,0.0,0.0,0.0
2019-08-11,7.83,0.0,0.0,0.0,74.0,82,63,240,270,17.0,27.1,0.0,0.0,0.0,0.0,0.0,0.0,0.0,0.0
2019-08-12,7.61,0.0,0.0,0.0,77.0,88,64,230,260,18.1,21.9,0.0,0.0,0.0,0.0,0.0,0.0,0.0,0.0
2019-08-13,7.61,0.0,0.0,0.0,78.0,81,73,200,230,17.0,23.0,0.0,0.0,0.0,0.0,0.0,0.0,0.0,0.0
2019-08-14,4.25,1.69,0.0,0.0,77.0,84,72,30,140,13.0,16.1,1.0,1.0,1.0,0.0,0.0,0.0,0.0,0.0
2019-08-15,6.71,0.0,0.0,0.0,76.0,83,72,140,150,14.1,18.1,0.0,0.0,0.0,0.0,0.0,0.0,0.0,0.0
2019-08-16,5.82,0.0,0.0,0.0,75.0,83,70,150,60,13.0,17.0,0.0,0.0,0.0,0.0,0.0,0.0,0.0,0.0
2019-08-17,5.37,0.0,0.0,0.0,79.0,88,75,140,150,13.0,17.0,0.0,0.0,0.0,0.0,0.0,0.0,0.0,0.0
2019-08-18,6.04,0.0,0.0,0.0,81.0,90,74,310,310,25.1,31.1,0.0,0.0,1.0,0.0,0.0,0.0,0.0,0.0
2019-08-19,7.16,0.0,0.0,0.0,80.0,94,73,260,250,16.1,23.0,0.0,0.0,1.0,0.0,0.0,0.0,0.0,0.0
2019-08-20,6.71,0.0,0.0,0.0,81.0,87,74,180,150,14.1,18.1,0.0,0.0,0.0,0.0,0.0,0.0,0.0,0.0
2019-08-21,7.38,0.51,0.0,0.0,81.0,89,74,260,260,38.0,45.0,0.0,0.0,1.0,0.0,0.0,0.0,0.0,0.0
2019-08-22,8.5,1.13,0.0,0.0,82.0,92,71,320,330,35.1,44.1,1.0,0.0,1.0,0.0,0.0,0.0,0.0,0.0
2019-08-23,7.16,0.01,0.0,0.0,72.0,75,65,340,340,16.1,19.9,0.0,0.0,0.0,0.0,0.0,0.0,0.0,0.0
2019-08-24,10.51,0.0,0.0,0.0,70.0,78,63,350,310,18.1,23.9,0.0,0.0,0.0,0.0,0.0,0.0,0.0,0.0
2019-08-25,11.86,0.0,0.0,0.0,70.0,77,62,20,30,19.9,28.0,0.0,0.0,0.0,0.0,0.0,0.0,0.0,0.0
2019-08-26,9.4,0.0,0.0,0.0,67.0,75,59,40,30,16.1,21.9,0.0,0.0,0.0,0.0,0.0,0.0,0.0,0.0
2019-08-27,6.26,0.0,0.0,0.0,68.0,74,60,160,160,12.1,16.1,0.0,0.0,0.0,0.0,0.0,0.0,0.0,0.0
2019-08-28,5.37,0.02,0.0,0.0,71.0,77,67,320,320,10.1,15.0,1.0,0.0,0.0,0.0,0.0,0.0,1.0,0.0
2019-08-29,10.74,0.0,0.0,0.0,75.0,84,66,300,290,23.0,35.1,0.0,0.0,0.0,0.0,0.0,0.0,0.0,0.0
2019-08-30,10.51,0.0,0.0,0.0,75.0,89,61,250,260,21.9,27.1,0.0,0.0,0.0,0.0,0.0,0.0,0.0,0.0
2019-08-31,7.61,0.0,0.0,0.0,77.0,83,67,360,320,15.0,21.9,0.0,0.0,0.0,0.0,0.0,0.0,0.0,0.0
2019-09-01,9.4,0.0,0.0,0.0,71.0,77,62,120,130,16.1,19.9,0.0,0.0,0.0,0.0,0.0,0.0,0.0,0.0
2019-09-02,6.49,1.19,0.0,0.0,72.0,77,70,240,250,19.9,23.9,1.0,0.0,1.0,0.0,0.0,0.0,0.0,0.0
2019-09-03,6.71,0.0,0.0,0.0,74.0,82,66,160,330,12.1,16.1,0.0,0.0,0.0,0.0,0.0,0.0,0.0,0.0
2019-09-04,10.51,0.0,0.0,0.0,76.0,90,67,360,250,21.0,27.1,0.0,0.0,1.0,0.0,0.0,0.0,0.0,0.0
2019-09-05,7.16,0.0,0.0,0.0,72.0,75,64,30,10,19.9,23.9,0.0,0.0,0.0,0.0,0.0,0.0,0.0,0.0
2019-09-06,14.32,0.32,0.0,0.0,65.0,68,59,10,40,23.0,31.1,1.0,0.0,0.0,0.0,0.0,0.0,0.0,0.0
2019-09-07,10.96,0.0,0.0,0.0,66.0,79,57,280,280,21.0,25.9,0.0,0.0,0.0,0.0,0.0,0.0,0.0,0.0
2019-09-08,6.71,0.0,0.0,0.0,70.0,80,59,20,270,15.0,19.0,0.0,0.0,0.0,0.0,0.0,0.0,0.0,0.0
2019-09-09,8.05,0.0,0.0,0.0,71.0,78,64,30,20,17.0,21.0,0.0,0.0,0.0,0.0,0.0,0.0,0.0,0.0
2019-09-10,6.49,0.0,0.0,0.0,72.0,78,68,210,180,13.0,17.0,0.0,0.0,0.0,0.0,0.0,0.0,0.0,0.0
2019-09-11,11.63,0.0,0.0,0.0,77.0,91,68,250,250,19.9,23.9,0.0,0.0,0.0,0.0,0.0,0.0,0.0,0.0
2019-09-12,11.18,0.04,0.0,0.0,78.0,81,63,20,20,19.9,23.9,1.0,0.0,0.0,0.0,0.0,0.0,0.0,0.0
2019-09-13,10.74,0.0,0.0,0.0,65.0,71,57,120,130,17.0,23.0,0.0,0.0,0.0,0.0,0.0,0.0,0.0,0.0
2019-09-14,7.61,0.0,0.0,0.0,70.0,77,65,190,200,16.1,19.9,0.0,0.0,0.0,0.0,0.0,0.0,0.0,0.0
2019-09-15,6.71,0.0,0.0,0.0,76.0,84,67,290,290,15.0,19.0,0.0,0.0,0.0,0.0,0.0,0.0,0.0,0.0
2019-09-16,3.8,0.0,0.0,0.0,74.0,80,67,60,50,10.1,14.1,0.0,0.0,0.0,0.0,0.0,0.0,0.0,0.0
2019-09-17,9.62,0.0,0.0,0.0,71.0,79,59,40,40,18.1,21.9,0.0,0.0,0.0,0.0,0.0,0.0,0.0,0.0
2019-09-18,9.4,0.0,0.0,0.0,64.0,71,56,360,360,16.1,19.9,0.0,0.0,0.0,0.0,0.0,0.0,0.0,0.0
2019-09-19,6.93,0.0,0.0,0.0,61.0,72,49,40,80,12.1,17.0,0.0,0.0,0.0,0.0,0.0,0.0,0.0,0.0
2019-09-20,7.38,0.0,0.0,0.0,64.0,80,50,280,280,19.9,23.9,0.0,0.0,0.0,0.0,0.0,0.0,0.0,0.0
2019-09-21,3.58,0.0,0.0,0.0,71.0,86,55,220,270,8.9,15.0,0.0,0.0,0.0,0.0,0.0,0.0,0.0,0.0
2019-09-22,7.38,0.0,0.0,0.0,74.0,89,60,230,200,16.1,21.9,0.0,0.0,0.0,0.0,0.0,0.0,0.0,0.0
2019-09-23,11.18,0.05,0.0,0.0,79.0,93,70,270,270,23.0,28.0,0.0,0.0,0.0,0.0,0.0,0.0,0.0,0.0
2019-09-24,11.63,0.0,0.0,0.0,74.0,79,63,280,290,23.9,32.0,0.0,0.0,0.0,0.0,0.0,0.0,0.0,0.0
2019-09-25,6.71,0.0,0.0,0.0,69.0,81,58,290,290,16.1,21.0,0.0,0.0,0.0,0.0,0.0,0.0,0.0,0.0
2019-09-26,8.5,0.0,0.0,0.0,69.0,86,59,320,300,23.0,30.0,0.0,0.0,0.0,0.0,0.0,0.0,0.0,0.0
2019-09-27,5.82,0.0,0.0,0.0,67.0,79,58,160,140,15.0,19.9,0.0,0.0,0.0,0.0,0.0,0.0,0.0,0.0
2019-09-28,7.61,0.0,0.0,0.0,71.0,86,60,230,220,17.0,25.1,0.0,0.0,0.0,0.0,0.0,0.0,0.0,0.0
2019-09-29,11.18,0.0,0.0,0.0,76.0,81,64,10,20,21.0,25.1,0.0,0.0,0.0,0.0,0.0,0.0,0.0,0.0
2019-09-30,9.17,0.0,0.0,0.0,65.0,70,61,20,20,14.1,16.1,0.0,0.0,0.0,0.0,0.0,0.0,0.0,0.0
2019-10-01,10.96,0.0,0.0,0.0,70.0,84,63,230,220,19.9,25.9,0.0,0.0,0.0,0.0,0.0,0.0,0.0,0.0
2019-10-02,13.65,0.58,0.0,0.0,80.0,96,67,270,260,25.1,32.0,1.0,0.0,0.0,0.0,0.0,0.0,0.0,0.0
2019-10-03,9.84,0.49,0.0,0.0,60.0,67,55,10,10,21.9,25.1,1.0,0.0,0.0,0.0,0.0,0.0,0.0,0.0
2019-10-04,14.09,0.0,0.0,0.0,61.0,68,49,320,320,32.0,40.0,1.0,0.0,0.0,0.0,0.0,0.0,0.0,0.0
2019-10-05,7.83,0.0,0.0,0.0,52.0,60,43,360,350,17.0,23.0,0.0,0.0,0.0,0.0,0.0,0.0,0.0,0.0
2019-10-06,8.72,0.0,0.0,0.0,63.0,71,59,200,200,16.1,21.9,0.0,0.0,0.0,0.0,0.0,0.0,0.0,0.0
2019-10-07,12.53,0.29,0.0,0.0,73.0,80,59,200,200,23.0,33.1,1.0,0.0,0.0,0.0,0.0,0.0,0.0,0.0
2019-10-08,13.2,0.03,0.0,0.0,61.0,65,58,20,20,21.0,25.1,1.0,0.0,0.0,0.0,0.0,0.0,0.0,0.0
2019-10-09,15.43,0.26,0.0,0.0,57.0,59,52,360,40,23.0,29.1,1.0,0.0,0.0,0.0,0.0,0.0,0.0,0.0
2019-10-10,17.45,0.0,0.0,0.0,60.0,73,53,30,350,25.9,33.1,0.0,0.0,0.0,0.0,0.0,0.0,0.0,0.0
2019-10-11,16.33,0.0,0.0,0.0,60.0,65,54,20,40,25.9,36.9,0.0,0.0,0.0,0.0,0.0,0.0,0.0,0.0
2019-10-12,7.38,0.0,0.0,0.0,60.0,70,55,10,270,14.1,23.9,0.0,0.0,0.0,0.0,0.0,0.0,0.0,0.0
2019-10-13,6.04,0.0,0.0,0.0,60.0,67,52,30,300,12.1,16.1,0.0,0.0,0.0,0.0,0.0,0.0,0.0,0.0
2019-10-14,7.61,0.0,0.0,0.0,64.0,75,58,270,270,19.9,25.1,0.0,0.0,0.0,0.0,0.0,0.0,0.0,0.0
2019-10-15,5.59,0.0,0.0,0.0,59.0,66,51,360,360,14.1,18.1,0.0,0.0,0.0,0.0,0.0,0.0,0.0,0.0
2019-10-16,11.86,2.13,0.0,0.0,60.0,66,50,290,270,38.0,49.0,1.0,0.0,0.0,0.0,0.0,0.0,0.0,0.0
2019-10-17,22.59,0.0,0.0,0.0,56.0,60,51,260,280,38.0,52.1,0.0,0.0,0.0,0.0,0.0,0.0,0.0,0.0
2019-10-18,14.09,0.0,0.0,0.0,54.0,61,47,330,300,25.1,33.1,0.0,0.0,0.0,0.0,0.0,0.0,0.0,0.0
2019-10-19,4.92,0.0,0.0,0.0,51.0,63,40,230,270,13.0,17.0,0.0,0.0,0.0,0.0,0.0,0.0,0.0,0.0
2019-10-20,3.8,0.66,0.0,0.0,52.0,58,44,60,60,6.9,6.9,1.0,0.0,0.0,0.0,0.0,0.0,0.0,0.0
2019-10-21,5.59,0.0,0.0,0.0,57.0,69,49,20,10,15.0,18.1,0.0,0.0,0.0,0.0,0.0,0.0,0.0,0.0
2019-10-22,8.95,0.51,0.0,0.0,59.0,64,53,100,110,17.0,23.0,1.0,0.0,0.0,0.0,0.0,0.0,0.0,0.0
2019-10-23,9.62,0.01,0.0,0.0,62.0,68,50,310,310,23.0,30.0,1.0,0.0,0.0,0.0,0.0,0.0,0.0,0.0
2019-10-24,5.59,0.0,0.0,0.0,56.0,69,45,230,250,12.1,17.0,0.0,0.0,0.0,0.0,0.0,0.0,0.0,0.0
2019-10-25,4.7,0.0,0.0,0.0,,67,46,230,210,14.1,17.0,0.0,0.0,0.0,0.0,0.0,0.0,0.0,0.0
2019-10-26,6.49,0.01,0.0,0.0,,63,50,10,20,15.0,19.0,0.0,0.0,0.0,0.0,0.0,0.0,0.0,0.0
2019-10-27,10.07,1.38,0.0,0.0,,70,57,120,120,21.0,32.0,1.0,0.0,0.0,0.0,0.0,0.0,0.0,0.0
2019-10-28,6.93,0.01,0.0,0.0,60.0,63,55,330,320,15.0,19.9,1.0,0.0,0.0,0.0,0.0,0.0,0.0,0.0
2019-10-29,6.49,0.16,0.0,0.0,57.0,60,55,60,80,12.1,14.1,1.0,0.0,0.0,0.0,0.0,0.0,0.0,0.0
2019-10-30,5.59,0.15,0.0,0.0,60.0,65,58,10,30,10.1,13.0,1.0,0.0,0.0,0.0,0.0,0.0,0.0,0.0
2019-10-31,11.86,0.59,0.0,0.0,67.0,74,62,200,270,28.0,42.9,1.0,0.0,0.0,0.0,0.0,0.0,0.0,0.0
2019-11-01,14.54,0.02,0.0,0.0,57.0,62,43,280,290,28.0,44.1,1.0,0.0,0.0,0.0,0.0,0.0,0.0,0.0
2019-11-02,6.49,0.0,0.0,0.0,46.0,53,36,280,270,12.1,16.1,0.0,0.0,0.0,0.0,0.0,0.0,0.0,0.0
